,C,C,Q,Q,C,C,Q,C,Q,Q,Q,Q,Q,Q,Q,Q,Q
plyr,pos,Throws,Height,Weight,Birthplace,High School,Draft Year,Draft Team,Draft round,Drafted,Draft pick,forty_yd,bench_reps,broad_jump,shuttle,cone,vertical
AdamTo00,QB,Right,6,198,San Antonio TX   ,Ramona (CA),1973,San Diego Chargers,14,1,343,,,,,,
AdkiSa00,QB,,6.166666667,214,Van Nuys CA   ,Grover Cleveland (CA),1977,Seattle Seahawks,10,1,254,,,,,,
AikmTr00,QB,Right,6.333333333,219,West Covina CA   ,Henryetta (OK),1989,Dallas Cowboys,1,1,1,,,,,,
AndeDe00,QB,Right,6.5,235,Portland OR    ,Scappoose (OR),2005,Baltimore Ravens,6,1,213,5.03,,103,4.62,7.67,29
AndeKe00,QB,Right,6.166666667,212,Batavia IL    ,Batavia (IL),1971,Cincinnati Bengals,3,1,67,,,,,,
ArchDa00,QB,Right,6.166666667,207,Fayetteville NC    ,Soda Springs (ID),,  ,,0,,,,,,,
ArriRi00,QB,Right,6.166666667,200,Charlotte NC    ,Myers Park (NC),,  ,,0,,,,,,,
AustKe20,QB,,6.083333333,195,Natick MA    ,Brentwood Academy (TN),1986,St. Louis Cardinals,12,1,312,,,,,,
AvelBo00,QB,Right,6.166666667,208,Queens NY    ,Memorial (NY),1975,Chicago Bears,6,1,135,,,,,,
BakeEd00,QB,,6.166666667,200,East Orange NJ   ,West Essex (NJ),,  ,,0,,,,,,,
BankTo00,QB,Right,6.333333333,230,San Diego CA   ,Herbert Hoover (CA),1996,St. Louis Rams,2,1,42,,,,,,
BarkMa00,QB,,6.166666667,234,Newport Beach CA   ,Mater Dei (CA),2013,Philadelphia Eagles,4,1,98,4.91,,,,,
BarnJo01,QB,,5.916666667,205,Fort Worth TX   ,Reagan (TX),1974,Chicago Bears,13,1,316,,,,,,
BarnPa20,QB,,6.25,215,Arlington Hts IL   ,Trabuco Hills (CA),1997,Kansas City Chiefs,4,1,110,,,,,,
BarrDa20,QB,,6.25,210,Oakland CA    ,Concord (CA),1995,Philadelphia Eagles,4,1,119,,,,,,
BartRi00,QB,Right,6.25,246,San Antonio TX   ,Grapevine (TX),,  ,,0,,,,,,,
BartSt00,QB,Right,6.333333333,216,Des Moines IA   ,Buchser (CA),1975,Atlanta Falcons,1,1,1,,,,,,
BasaBr00,QB,,6.083333333,208,Arlington Heights IL   ,St. Viator (IL),,  ,,0,,4.76,,114,4.22,6.75,34
BatcCh00,QB,Right,6.166666667,216,Homestead PA    ,Steel Valley (PA),1998,Detroit Lions,2,1,60,,,,,,
BeatC.00,QB,Right,6.166666667,215,Franklin TN    ,Battle Ground Academy (TN),2017,San Francisco 49ers,3,1,104,,,113,,,31
BeckJo00,QB,Right,6.166666667,215,Hayward CA    ,Mountain View (AZ),2007,Miami Dolphins,2,1,40,4.75,,111,4.17,6.81,29.5
BellKe00,QB,,6.25,207,Live Oak FL   ,LaFayette (FL),1988,Miami Dolphins,7,1,180,,,,,,
BenjGu00,QB,,6.333333333,210,Los Angeles CA   ,James Monroe (CA),1978,Miami Dolphins,2,1,51,,,,,,
BennBe20,QB,,6.083333333,200,Greensboro NC    ,Peterson (CA),1984,Atlanta Falcons,6,1,148,,,,,,
BerlBr00,QB,,6.083333333,213,Shreveport LA    ,Evangel Christian Academy (LA),,  ,,0,,4.83,,109,4.54,7.49,29
BethMc00,QB,Right,6.333333333,230,     ,,,  ,,0,,,,,,,
BeueSt00,QB,Right,6.25,220,Los Angeles CA   ,Servite (CA),1987,Los Angeles Raiders,4,1,110,,,,,,
BishMi00,QB,,6.166666667,215,Galveston TX    ,Willis (TX),1999,New England Patriots,7,1,227,,,,,,
BlacTo00,QB,Right,6.25,225,Canton OH    ,Hoover (OH),1983,Kansas City Chiefs,1,1,7,,,,,,
BlakJe00,QB,Right,6.083333333,223,Daytona Beach FL   ,Seminole (FL),1992,New York Jets,6,1,166,,,,,,
BlanMa00,QB,Right,6.25,225,     ,,,  ,,0,,,,,,,
BledDr00,QB,Right,6.416666667,238,Ellensburg WA    ,Walla Walla (WA),1993,New England Patriots,1,1,1,,,,,,
BleiBo20,QB,,6.25,210,Rochester NY    ,St. Thomas Aquinas (NY),,  ,,0,,,,,,,
BlouEd20,QB,,6,195,Los Angeles CA   ,Blair (CA),,  ,,0,,,,,,,
BlouJe00,QB,,6.25,200,Tyler TX    ,Longview (TX),1976,Oakland Raiders,2,1,50,,,,,,
BlunMa00,QB,,6.5,233,Darby PA    ,Ridley (PA),1992,Kansas City Chiefs,2,1,40,,,,,,
BollBr00,QB,Right,6,205,Grand Forks ND   ,Central (ND),2003,New York Jets,6,1,200,,,,,,
BollKy00,QB,Right,6.25,220,Burbank CA    ,William S. Hart (CA),2003,Baltimore Ravens,1,1,19,4.61,,117,4.02,7.2,35.5
BonoSt00,QB,Right,6.333333333,215,Norristown PA    ,Norristown (PA),1985,Minnesota Vikings,6,1,142,,,,,,
BortBl00,QB,,6.416666667,236,Oviedo FL    ,Oviedo (FL),2014,Jacksonville Jaguars,1,1,3,4.93,,115,4.21,7.08,32.5
BoryMi00,QB,Right,6.25,200,Rockville Centre NY   ,Regis (CO),1974,Cincinnati Bengals,4,1,87,,,,,,
BoumTo00,QB,Right,6.166666667,229,Lyon County MN   ,Russell Tyler-Ruthton (MN),,  ,,0,,,,,,,
BoykTr00,QB,,6,213,Mesquite TX    ,West Mesquite (TX),,  ,,0,,,,,,,
BradCr20,QB,,6.416666667,215,Shreveport LA    ,Southwood (LA),1980,Houston Oilers,7,1,182,,,,,,
BradSa00,QB,Right,6.333333333,224,Oklahoma City OK   ,Putnam City North (OK),2010,St. Louis Rams,1,1,1,4.79,,,,,
BradSt20,QB,,6.166666667,216,USA     ,Knox (IN),1986,Cincinnati Bengals,12,1,316,,,,,,
BradTe00,QB,Right,6.25,215,Shreveport LA    ,Woodlawn (LA),1970,Pittsburgh Steelers,1,1,1,,,,,,
BradTo00,QB,Right,6.333333333,225,San Mateo CA   ,Junipero Serra (CA),2000,New England Patriots,6,1,199,5.28,,99,4.38,7.2,24.5
BranTo00,QB,Right,6.416666667,215,Turlock CA    ,Turlock (CA),2009,Denver Broncos,6,1,174,4.87,,106,4.37,6.93,28.5
BrayTy00,QB,,6.5,223,Clovis CA    ,Kingsbury (CA),,  ,,0,,5.05,,100,4.51,7.2,
BreeAd20,QB,,6.333333333,183,Bronxville NY    ,Roger Bacon (OH),,  ,,0,,,,,,,
BreeDr00,QB,Right,6,209,Austin TX    ,Westlake (TX),2001,San Diego Chargers,2,1,32,4.83,,105,4.21,7.09,32
BridTe00,QB,Right,6.166666667,215,Miami FL    ,Miami Northwestern (FL),2014,Minnesota Vikings,1,1,32,,,113,4.2,7.17,30
BrigWa20,QB,,6.083333333,205,Elmira NY    ,Hackensack (NJ),,  ,,0,,,,,,,
BrisBu00,QB,Right,6.25,205,Alexandria LA    ,Neville (LA),1986,Pittsburgh Steelers,3,1,67,,,,,,
BrisJa00,QB,Right,6.333333333,238,West Palm Beach FL  ,Dwyer (FL),2016,New England Patriots,3,1,91,4.94,,113,4.53,7.17,31
BrocDi00,QB,Right,6,195,Birmingham AL    ,Jones Valley (AL),,  ,,0,,,,,,,
BrohBr00,QB,,6.25,227,Louisville KY    ,Trinity (KY),2008,Green Bay Packers,2,1,56,4.81,,115,4.55,7.13,30
BrohJe00,QB,,6.083333333,205,Louisville KY    ,Trinity (KY),,  ,,0,,,,,,,
BrooAa00,QB,Right,6.333333333,205,Newport News VA   ,Homer L. Ferguson (VA),1999,Green Bay Packers,4,1,131,,,,,,
BrowCa00,QB,,6.25,210,Shreveport LA    ,Riverdale (CA),1975,Green Bay Packers,12,1,296,,,,,,
BrowDa00,QB,Right,6.416666667,230,Summit NJ    ,Westfield (NJ),1992,New York Giants,1,1,1,,,,,,
BrowLe00,QB,,6.25,229,Mt. Juliet TN   ,Mt. Juliet (TN),2010,Buffalo Bills,7,1,209,4.93,20,106,4.43,7.07,31.5
BrowTr01,QB,,6.25,215,Phoenix AZ    ,Moon Valley (AZ),,  ,,0,,5.01,,101,4.87,7.54,29
BrunMa00,QB,Left,6.083333333,215,Los Angeles CA   ,St. Joseph (CA),1993,Green Bay Packers,5,1,118,,,,,,
BrunSc00,QB,Right,6.416666667,206,Sellersville PA    ,West Chester Henderson (PA),1980,New York Giants,6,1,145,,,,,,
BuckMi00,QB,,6.25,227,Long Island NY   ,Sayville (NY),1990,New Orleans Saints,6,1,156,,,,,,
BulgMa00,QB,Right,6.25,208,Pittsburgh PA    ,Central Catholic (PA),2000,New Orleans Saints,6,1,168,4.97,,100,4.34,7.46,
BullSc00,QB,Right,6.416666667,211,Camden AR    ,Jonesboro (AR),1976,San Francisco 49ers,6,1,177,,,,,,
BurnEd20,QB,,6.25,210,Council Bluffs IA   ,Archbishop Rummel (NE),,  ,,0,,,,,,,
BurrHe00,QB,,6,195,Fort Smith AR   ,Spiro (OK),,  ,,0,,,,,,,
BuscMi20,QB,,6.333333333,214,Huron SD    ,Huron (SD),,  ,,0,,,,,,,
CallJo00,QB,,6.083333333,216,Cape May Courthouse NJ  ,Holy Spirit (NJ),,  ,,0,,,,,,,
CampJa00,QB,Right,6.416666667,235,Laurel MS    ,Taylorsville (MS),2005,Washington Redskins,1,1,25,4.71,,,,,
CampRi00,QB,,6.333333333,224,Miami FL    ,Santa Teresa (CA),1981,Green Bay Packers,1,1,6,,,,,,
CampSc00,QB,Right,6,196,Hershey PA    ,Hershey High School (PA),1984,Pittsburgh Steelers,7,1,191,,,,,,
CappBi00,QB,,6.25,210,Brooksville FL    ,Dunedin (FL),1970,Minnesota Vikings,2,1,51,,,,,,
CaraGl00,QB,,6.25,201,San Pedro CA   ,Earl Wooster (NV),1977,Dallas Cowboys,2,1,54,,,,,,
CarlCo00,QB,Right,6.25,202,Dallas TX    ,Winston Churchill (TX),1987,Houston Oilers,3,1,64,,,,,,
CarlDe00,QB,,6.25,210,Rushford MN    ,Rushford (MN),1972,Kansas City Chiefs,7,1,179,,,,,,
CarlJe00,QB,Left,6.25,215,Long Beach CA   ,Pacifica (CA),1989,Los Angeles Rams,4,1,102,,,,,,
CarpRu00,QB,Right,6.25,225,Westlake Village CA   ,Westlake (CA),,  ,,0,,4.89,11,100,4.47,7.25,29
CarrDa00,QB,Right,6.25,212,Bakersfield CA    ,Stockdale (CA),2002,Houston Texans,1,1,1,4.67,,108,4.28,7.05,35
CarrDe02,QB,Right,6.25,210,Bakersfield CA    ,Bakersfield Christian (CA) Clements (TX),2014,Oakland Raiders,2,1,36,4.69,,110,4.2,,34.5
CarsDw00,TE;RB;QB,,6.25,290,Jacksonville FL    ,Temple (FL),,  ,,0,,,,,,,
CartQu00,QB,Right,6.166666667,213,Decatur GA    ,Southwest DeKalb (GA),2001,Dallas Cowboys,2,1,53,4.58,,113,4.12,7.12,35.5
CaseSt00,QB,Right,6.25,204,Odessa TX    ,Permian (TX),1995,Arizona Cardinals,3,1,80,,,,,,
CassMa00,QB,Right,6.333333333,225,Northridge CA    ,Chatsworth (CA),2005,New England Patriots,7,1,230,,,,,,
CavaMa00,QB,Right,6.166666667,212,Youngstown OH    ,Chaney (OH),1978,New England Patriots,2,1,50,,,,,,
ChanCh00,QB,Right,6.333333333,224,Everett WA    ,Everett (WA),1988,Indianapolis Colts,3,1,76,,,,,,
CherMi00,QB,,6.25,226,Texarkana AR    ,Arkansas (AR),1997,New York Giants,6,1,171,,,,,,
ChriJe20,QB,,6.25,202,Gibson City IL   ,Gibson City (IL),1983,Cincinnati Bengals,5,1,137,,,,,,
CipaLa00,QB,,6.25,209,Detroit MI    ,McNicholas (OH),1974,New Orleans Saints,15,1,373,,,,,,
ClarBr22,QB,,6.166666667,198,Redwood City CA   ,Los Altos (CA),1982,San Francisco 49ers,9,1,251,,,,,,
ClarWa00,QB,Right,6.166666667,203,Oskaloosa IA    ,Buckeye Union (AZ),1970,San Diego Chargers,8,1,198,,,,,,
ClauJi00,QB,Right,6.25,217,Thousand Oaks CA   ,Oaks Christian (CA),2010,Carolina Panthers,2,1,48,4.76,,,,,
ClemCh21,QB,,6.25,214,Kingsville TX    ,Huntsville (TX),1997,New York Jets,6,1,191,,,,,,
ClemKe00,QB,Right,6.166666667,220,Burns OR    ,Burns (OR),2006,New York Jets,2,1,49,4.89,,,,,
ClemTo20,QB,,6,183,McKees Rocks PA   ,Canevin (PA),,  ,,0,,,,,,,
ColeB.00,QB,Right,6.25,233,     ,,2012,Green Bay Packers,7,1,243,4.94,,109,4.38,7.07,
CollKe00,QB,Right,6.416666667,247,Lebanon PA    ,Wilson (PA),1995,Carolina Panthers,1,1,5,,,,,,
CollRe20,QB,,6.25,207,Biloxi MS    ,D'iberville (MS),1983,Dallas Cowboys,6,1,162,,,,,,
CollTo00,QB,Right,6.333333333,223,Walpole MA    ,Walpole (MA),1995,Buffalo Bills,2,1,45,,,,,,
ConkCa00,QB,Right,6.333333333,220,Yakima WA    ,Eisenhower (WA),1990,Washington Redskins,4,1,86,,,,,,
CookCo00,QB,Right,6.333333333,215,Hinckley OH    ,Walsh Jesuit (OH),2016,Oakland Raiders,4,1,100,4.79,,113,4.28,7.21,33
CoucTi00,QB,Right,6.333333333,220,Hyden KY    ,Leslie Co. (KY),1999,Cleveland Browns,1,1,1,,,,,,
CousKi00,QB,Right,6.25,202,Barrington IL    ,Holland Christian (MI),2012,Washington Redskins,4,1,102,4.84,,109,4.5,7.05,28.5
CoviSc00,QB,,6.166666667,217,Laguna Niguel CA   ,Dana Hills (CA),1999,Cincinnati Bengals,7,1,245,,,,,,
CraiDa00,QB,,6.083333333,200,Mobile AL    ,Mattie T. Blount (AL),,  ,,0,,,,,,,
CrocJi20,QB,,6.166666667,209,Waterbury CT    ,Holy Cross (CT),,  ,,0,,,,,,,
CroyBr00,QB,Right,6.166666667,206,Rainbow City AL   ,Westbrook Christian (AL),2006,Kansas City Chiefs,3,1,85,4.88,,104,4.25,7.34,30.5
CulpDa00,QB,Right,6.333333333,260,Ocala FL    ,Vanguard (FL),1999,Minnesota Vikings,1,1,11,,,,,,
CunnRa00,QB,Right,6.333333333,212,Santa Barbara CA   ,Santa Barbara (CA),1985,Philadelphia Eagles,2,1,37,,,,,,
CureWi00,QB,,6.25,200,Bexar County TX   ,Whitewright (TX),,  ,,0,,,,,,,
CurrRo01,QB;WR,,6.166666667,220,Hampton VA    ,Hampton (VA),2002,Oakland Raiders,7,1,235,4.59,,115,4.11,7.06,35
CutlJa00,QB,Right,6.25,231,Santa Claus IN   ,Heritage Hills (IN),2006,Denver Broncos,1,1,11,4.77,23,,4.26,7.1,
DaltAn00,QB,Right,6.166666667,220,Katy TX    ,Katy (TX),2011,Cincinnati Bengals,2,1,35,4.83,,106,4.27,6.93,29.5
DaniB.00,QB,,5.916666667,217,Tallahassee FL    ,Lincoln (FL),2013,San Francisco 49ers,7,1,237,,,,,,
DaniCh00,QB,Right,6,229,Irving TX    ,Southlake Carroll (TX),,  ,,0,,4.79,,,4.31,7.28,33
DaniGa00,QB,Right,6.166666667,195,Detroit MI    ,Divine Child (MI),,  ,,0,,,,,,,
DaveRo01,QB,,6.166666667,245,Clarendon Jamaica    ,Hialeah-Miami Lakes (FL),2002,New England Patriots,4,1,117,4.74,,,,,
DaviAu00,QB,Right,6.166666667,221,Ringgold GA    ,West Lauderdale (MS),,  ,,0,,4.69,,109,4.11,6.73,31
DaviDo02,QB;WR,Right,6.25,210,Lakeland FL    ,Kathleen (FL),,  ,,0,,,,,,,
DeanRa00,QB,,6.25,195,Milwaukee WI    ,Whitefish Bay (WI),1977,New York Giants,5,1,117,,,,,,
DebeSt00,QB,Right,6.25,210,Oakland CA    ,Savanna (CA),1977,Dallas Cowboys,10,1,275,,,,,,
DelGJi00,QB,Left,6.083333333,198,Everett MA    ,Revere (MA),,  ,,0,,,,,,,
DelhJa00,QB,Right,6.166666667,215,Lafayette LA    ,Teurlings (LA),,  ,,0,,,,,,,
DemoBi00,QB,,6.166666667,195,Indianola IA    ,Cortez (AZ),,  ,,0,,,,,,,
DetmKo00,QB,Right,6.083333333,195,San Antonio TX   ,Mission (TX),1997,Philadelphia Eagles,7,1,207,,,,,,
DetmTy00,QB,Right,6,189,San Marcos TX   ,Southwest (TX),1992,Green Bay Packers,9,1,230,,,,,,
DevlPa00,QB,Right,6.25,225,     ,,,  ,,0,,4.81,,116,4.32,7.08,33
DickLy00,QB,Right,6.25,214,Paola KS    ,Osawatomie (KS),1971,Houston Oilers,3,1,56,,,,,,
DickPa00,QB,,6.166666667,185,Brighton AL    ,Brighton (AL),1976,Tampa Bay Buccaneers,7,1,183,,,,,,
DilfTr00,QB,Right,6.333333333,225,Aptos CA    ,Aptos (CA),1994,Tampa Bay Buccaneers,1,1,6,,,,,,
DilsSt00,QB,Right,6.083333333,190,Seattle WA    ,Fort Vancouver (WA),1979,Minnesota Vikings,4,1,97,,,,,,
DilwAn00,QB,Right,6.25,215,Washington DC    ,Walt Whitman (MD),1989,Green Bay Packers,3,1,74,,,,,,
DixoDe00,QB,Right,6.25,195,San Leandro CA   ,San Leandro (CA),2008,Pittsburgh Steelers,5,1,156,4.58,,,,,
DoncBi00,QB,,6.083333333,205,Renton WA    ,Renton (WA),,  ,,0,,,,,,,
DorsKe00,QB,Right,6.333333333,220,Orinda CA    ,Miramonte (CA),2003,San Francisco 49ers,7,1,241,4.7,,,,,
DowlBr00,QB,,6.166666667,210,Cleveland OH    ,St. Ignatius (OH),1969,Minnesota Vikings,11,1,277,,,,,,
DrucJi00,QB,,6.333333333,241,Allentown PA    ,Northampton (PA) Fork Union Military Academy (VA),1997,San Francisco 49ers,1,1,26,,,,,,
DufeJo00,QB,Right,6.333333333,215,Ann Arbor MI   ,Theodore Roosevelt (OH),,  ,,0,,,,,,,
DungTo20,CB;S;QB,,6,188,Jackson MI    ,Parkside (MI),,  ,,0,,,,,,,
DuniTo20,QB,,6.25,210,Pampa TX    ,McLean (TX),1977,Cincinnati Bengals,6,1,160,,,,,,
DyseZa00,QB,,6.25,231,     ,,2013,Denver Broncos,7,1,234,4.81,,,,,
EasoTo00,QB,Right,6.333333333,212,Blythe CA    ,Delta (CA),1983,New England Patriots,1,1,15,,,,,,
EdwaAr00,WR;QB,,5.916666667,191,Greenwood SC    ,Greenwood (SC),2010,Carolina Panthers,3,1,89,4.41,,,,,
EdwaTr01,QB,Right,6.333333333,231,Los Gatos CA   ,Los Gatos (CA),2007,Buffalo Bills,3,1,92,4.76,19,,4.46,7.14,
ElkiMi00,QB,,6.25,221,Greensboro NC    ,Grimsley (NC),1989,Kansas City Chiefs,2,1,32,,,,,,
ElwaJo00,QB,Right,6.25,215,Port Angeles WA   ,Granada Hills Charter (CA),1983,Baltimore Colts,1,1,1,,,,,,
EricCr00,QB,Right,6.166666667,209,Boynton Beach FL   ,Cardinal Newman (FL),1992,Tampa Bay Buccaneers,4,1,86,,,,,,
ErnsMi00,QB,,6.083333333,190,Lynwood CA    ,Pius X (CA),,  ,,0,,,,,,,
EsiaBo00,QB,Left,6.416666667,224,West Islip NY   ,East Islip (NY),,Cincinnati Bengals,2,1,38,,,,,,
EspiAl21,QB,,6.083333333,193,Los Angeles CA   ,St. Paul (CA),,  ,,0,,,,,,,
EvanJo21,P;QB,,6.083333333,197,High Point NC   ,T. Wingate Andrews (NC),,Cleveland Browns,2,1,39,,,,,,
EvanVi00,QB,Right,6.166666667,215,Greensboro NC    ,Ben L. Smith (NC),,Chicago Bears,6,1,140,,,,,,
EverJi00,QB,Right,6.416666667,212,Emporia KS    ,Eldorado (NM),,Houston Oilers,1,1,3,,,,,,
FaleDa00,QB,,6.166666667,210,Salinas CA    ,Palmas (CA),,Chicago Bears,6,1,183,4.99,,103,4.5,7.55,28
FasaRa00,QB,,6.25,234,Granite City CA   ,Del Oro (CA),,Carolina Panthers,5,1,137,4.77,,106,3.87,6.75,31.5
FavrBr00,QB,Right,6.166666667,222,Gulfport MS    ,Hancock North Central (MS),,Atlanta Falcons,2,1,33,,,,,,
FeelA.00,QB,Right,6.25,220,Caldwell ID    ,Ontario (OR),,Philadelphia Eagles,5,1,155,,,,,,
FergJo00,QB,Right,6.083333333,195,Alvin TX    ,Woodlawn (LA),,Buffalo Bills,3,1,57,,,,,,
FerrVi00,QB,Right,6.25,212,Torrance CA    ,Phineas Banning (CA),,Los Angeles Rams,4,1,91,,,,,,
FiedJa00,QB,Right,6.166666667,225,Oceanside NY    ,Oceanside (NY),,  ,,0,,,,,,,
FitzRy00,QB,Right,6.166666667,228,Gilbert AZ    ,Highland (AZ),,St. Louis Rams,7,1,250,4.86,,105,4.07,7.09,30.5
FlacJo00,QB,Right,6.5,245,Voorhees NJ    ,Audubon (NJ),,Baltimore Ravens,1,1,18,4.84,,110,4.27,6.82,28.5
FlicTo00,QB,Right,6.166666667,190,Patuxent River MD   ,Interlake (WA),,Washington Redskins,4,1,90,,,,,,
FlutDo00,QB;K,Right,5.833333333,180,Manchester MD    ,Natick (MA),,Los Angeles Rams,11,1,285,,,,,,
FlynMa00,QB,Right,6.166666667,228,Tyler TX    ,Robert E. Lee (TX),,Green Bay Packers,7,1,209,4.79,,109,4.34,7.21,28
FoleGl00,QB,Right,6.166666667,210,Cherry Hill NJ   ,Cherry Hill-East (NJ),,New York Jets,7,1,208,,,,,,
FoleNi00,QB,Right,6.5,243,Austin TX    ,Westlake (TX),,Philadelphia Eagles,3,1,88,5.14,,112,,,30.5
FolmBr20,QB,,6.083333333,200,Birmingham AL    ,California (PA),,  ,,0,,,,,,,
FourJo00,QB,Right,6.083333333,208,Gretna LA    ,Archbishop Shaw (LA),,  ,,0,,,,,,,
FoutDa00,QB,Right,6.25,204,San Francisco CA   ,St. Ignatius (CA),,San Diego Chargers,3,1,64,,,,,,
FranJe20,QB,,6.333333333,225,Park Ridge IL   ,Prospect (IL),,Los Angeles Raiders,6,1,140,,,,,,
FreeJo00,QB,Right,6.5,240,Kansas City MO   ,Grandview (MO),,Tampa Bay Buccaneers,1,1,17,4.9,,119,4.43,7.11,33.5
FreiJe00,QB,,6.083333333,203,San Mateo CA   ,Junipero Serra (CA),,San Diego Chargers,6,1,133,,,,,,
FrerGu00,QB,Right,6.25,237,Kittanning PA    ,Ford City (PA),,Washington Redskins,7,1,197,,,,,,
FrieJo00,QB,Right,6.333333333,214,Missoula MT    ,Couer d'Alene (ID),,San Diego Chargers,6,1,138,,,,,,
FryeCh00,QB,Right,6.333333333,220,Willard OH    ,Willard (OH),,Cleveland Browns,3,1,67,4.79,,113,4.08,6.94,33
FullSt00,QB,Right,6.333333333,198,Enid OK    ,Spartanburg (SC),,Kansas City Chiefs,1,1,23,,,,,,
FurrWi00,QB,Left,6.25,210,Danville PA    ,Pullman (WA) Fork Union Military Academy (VA),,Chicago Bears,4,1,107,,,,,,
FusiCh00,QB,,6.083333333,197,Pittsburgh PA    ,Sto-Rox (PA),,Tampa Bay Buccaneers,5,1,133,,,,,,
GabbBl00,QB,Right,6.333333333,235,Ballwin MO    ,Parkway West (MO),,Jacksonville Jaguars,1,1,10,4.61,,120,4.26,6.84,33.5
GaglBo00,QB,Right,6.25,200,Los Angeles CA   ,Herbert Hoover (CA),,Kansas City Chiefs,12,1,319,,,,,,
GannRi00,QB,Right,6.25,210,Philadelphia PA    ,St. Joseph's Prep (PA),,New England Patriots,4,1,98,,,,,,
GarcJe00,QB,Right,6.083333333,200,Gilroy CA    ,Gilroy (CA),,  ,,0,,,,,,,
GaroJi00,QB,,6.166666667,225,Arlington Heights IL   ,Rolling Meadows (IL),,New England Patriots,2,1,62,4.97,,110,4.26,7.04,30.5
GarrDa00,QB,Right,6.083333333,235,East Orange NJ   ,Southern (NC),,Jacksonville Jaguars,4,1,108,4.82,,111,4.26,7.35,33.5
GarrJa00,QB,Right,6.166666667,200,Abington PA    ,University School (OH),,  ,,0,,,,,,,
GarzSa20,QB,,6.083333333,184,Corpus Christi TX   ,Harlingen (TX),,Seattle Seahawks,8,1,216,,,,,,
GaulDo00,QB,,6.166666667,190,Lynbrook NY    ,John Adams (NY),,  ,,0,,,,,,,
GaynDo20,QB,,6.166666667,205,Fresno CA    ,Roosevelt (CA),,Cincinnati Bengals,4,1,99,,,,,,
GelbSt00,QB,Right,6.25,207,Carlisle PA    ,Cumberland Valley (PA),,Dallas Cowboys,6,1,150,,,,,,
GeorJe00,QB,Right,6.333333333,218,Indianapolis IN    ,Warren Central (IN),,Indianapolis Colts,1,1,1,,,,,,
GermJo00,QB,,6,202,Denver CO    ,Mountain View (AZ),,St. Louis Rams,4,1,101,,,,,,
GilbGa00,QB,Right,6.25,209,Red Bluff CA   ,Red Bluff (CA),,  ,,0,,,,,,,
GilbGa01,QB,,6.333333333,230,Buffalo NY    ,Lake Travis (TX),,St. Louis Rams,6,1,214,,,,,,
GillJo00,QB,Right,6.166666667,187,Charleston WV    ,Pearl (TN),,Pittsburgh Steelers,11,1,273,,,,,,
GillWi21,QB,,6.333333333,215,Emporia VA    ,Greensville Co. (VA),,  ,,0,,,,,,,
GlenMi00,QB,Right,6.583333333,225,Centreville VA    ,Westfield (VA),,Tampa Bay Buccaneers,3,1,73,4.94,,102,4.52,7.49,26.5
GoebBr00,QB,,6.25,202,Cuero TX    ,Cuero (TX),,  ,,0,,,,,,,
GoffJa00,QB,Right,6.333333333,222,Novato CA    ,Marin Catholic (CA),,Los Angeles Rams,1,1,1,4.82,,110,4.47,7.17,27
GolsJe00,QB,Right,6.333333333,207,West Allis WI   ,Central (WI),,New York Giants,12,1,333,,,,,,
GonzPe00,QB,,6.083333333,216,Miami FL    ,Coral Park (FL),,  ,,0,,,,,,,
GradBr00,QB,Right,6.083333333,217,Pittsburgh PA    ,Seton-La Salle (PA),,Tampa Bay Buccaneers,6,1,194,4.59,,107,4.16,7.12,34
GrafNe00,QB,,6.25,205,Sioux Falls SD   ,Lincoln (SD),,Minnesota Vikings,16,1,414,,,,,,
GrahKe00,QB,Right,6.416666667,231,Wheaton IL    ,North (IL),,New York Giants,8,1,211,,,,,,
GrayGa00,QB,Right,6.166666667,220,     ,,,New Orleans Saints,3,1,75,4.75,,,,,
GrayMa00,QB;TE,,6.333333333,263,Indianapolis IN    ,Ben Davis (IN),,  ,,0,,4.65,15,111,4.3,7.25,30
GrayQu00,QB,,6.25,246,Fort Lauderdale FL   ,Dillard (FL),,  ,,0,,,,,,,
GrazTo00,QB,Left,6.166666667,210,Las Vegas NV   ,Thomas Downey (CA),,Atlanta Falcons,7,1,204,,,,,,
GrbaEl00,QB,Right,6.416666667,232,Cleveland OH    ,St. Joseph (OH),,San Francisco 49ers,8,1,219,,,,,,
GreeTr00,QB,Right,6.25,217,Cedar Rapids IA   ,Vianney (MO),,San Diego Chargers,8,1,222,,,,,,
GreiCh00,QB,Right,6.25,227,Sturgeon Bay WI   ,Sturgeon Bay (WI),,Arizona Cardinals,7,1,239,,,,,,
GrieBr00,QB;RB,Right,6.25,214,Miami FL    ,Christopher Columbus (FL),,Denver Broncos,3,1,91,,,,,,
GrifRo01,QB,Right,6.166666667,213,Okinawa Japan    ,Copperas Cove (TX),,Washington Redskins,1,1,2,4.33,,120,,,39
GrifRy01,QB,,6.416666667,210,     ,,,  ,,0,,,,,,,
GrogSt00,QB,Right,6.333333333,210,San Antonio TX   ,Ottawa (KS),,New England Patriots,5,1,116,,,,,,
GrosRe00,QB,Right,6.083333333,225,Bloomington IN    ,Bloomington South (IN),,Chicago Bears,1,1,22,5.06,,,,,
GutiMa00,QB,Right,6.333333333,235,Concord CA    ,De La Salle (CA),,  ,,0,,5,,108,4.28,6.99,29.5
HadePa00,QB,Right,5.916666667,182,Westbury NY    ,Bishop Amat (CA),,Los Angeles Rams,7,1,176,,,,,,
HallAn00,QB,,6.25,218,Cheraw SC    ,Cheraw (SC),,Philadelphia Eagles,6,1,185,,,,,,
HallMa00,QB,Right,6.083333333,201,Mesa AZ    ,Mountain View (AZ),,  ,,0,,4.84,,102,4.35,7.07,32
HallSh20,QB,,6.333333333,217,Gardner MA    ,Oakmont Regional (MA),,  ,,0,,,,,,,
HamdGi00,QB,,6.5,240,San Diego CA   ,Bishop O'Connell (VA),,Washington Redskins,7,1,232,,,,,,
HamiJo20,QB,,5.833333333,190,Alvin SC    ,Macedonia (SC),,Tampa Bay Buccaneers,7,1,234,4.81,,106,,,
HaniCa00,QB,Right,6.166666667,236,Dallas TX    ,Forney (TX),,  ,,0,,,,,,,
HarbJi00,QB,Right,6.25,215,Toledo OH    ,Pioneer (MI),,Chicago Bears,1,1,26,,,,,,
HardBr00,TE;WR;QB,,6.416666667,235,Murray UT    ,Bingham (UT),,Miami Dolphins,9,1,247,,,,,,
HarnCh00,QB,Right,6.166666667,219,     ,,,Indianapolis Colts,7,1,253,4.68,,112,4.15,6.78,32.5
HarrGr00,QB,Right,6.166666667,217,Brownwood TX    ,Ennis (TX),,  ,,0,,4.95,,98,4.56,7.45,29.5
HarrJo00,QB,Right,6.333333333,220,Portland OR    ,Central Catholic (OR),,Detroit Lions,1,1,3,4.89,,112,4.21,7,32
HartLe00,QB,,6.25,203,Kinston NC    ,Grainger (NC),,Atlanta Falcons,3,1,59,,,,,,
HartMa20,QB,,6.333333333,225,Brockton MA    ,Brockton (MA),,  ,,0,,,,,,,
HassMa00,QB,Right,6.333333333,235,Westwood MA    ,Xaverian Brothers (MA),,Green Bay Packers,6,1,187,,,,,,
HassTi00,QB,Right,6.083333333,214,Norfolk MA    ,Xaverian Brothers (MA),,  ,,0,,4.83,,113,4.4,7.27,33
HebeBo00,QB,Right,6.333333333,215,Baton Rouge LA   ,South LaFourche (LA),,  ,,0,,,,,,,
HedbRa00,QB,,6.25,200,Parshall ND    ,Parshall (ND),,Tampa Bay Buccaneers,8,1,196,,,,,,
HeinTa00,QB,,6.083333333,210,Atlanta GA    ,Collins Hill (GA),,  ,,0,,,,,,,
HennCh01,QB,Right,6.25,222,Wyomissing PA    ,Wilson (PA),,Miami Dolphins,2,1,57,4.92,,106,4.4,7.17,25.5
HensDr00,QB,,6.333333333,230,San Diego CA   ,Brighton (MI),,Houston Texans,6,1,192,,,,,,
HerrMa00,QB,Right,6.333333333,200,Cincinnati OH    ,Carmel (IN),,Denver Broncos,4,1,98,,,,,,
HertRo20,QB,,6.166666667,195,Montebello CA    ,Los Altos (CA),,Cincinnati Bengals,5,1,131,,,,,,
HewkBo20,QB,,6.25,195,Abington PA    ,Upper Moreland (PA),,  ,,0,,,,,,,
HilgRu00,QB,Right,6.333333333,205,Oklahoma City OK   ,Southeast (OK),,Los Angeles Raiders,6,1,143,,,,,,
HillSh00,QB,Right,6.25,230,Parsons KS    ,Parsons (KS),,  ,,0,,,,,,,
HillTa00,QB;TE;WR,,6.166666667,221,Pocatello ID    ,Highland (ID),,  ,,0,,,,,,,
HippEr00,QB,Right,6.166666667,196,Lubbock TX    ,Earl Warren (CA),,Detroit Lions,4,1,85,,,,,,
HobeBi00,QB,Right,6.25,230,Puyallup WA    ,Puyallup (WA),,Los Angeles Raiders,3,1,58,,,,,,
HodsTo00,QB,Right,6.25,195,Mathews LA    ,Central Lafourche (LA),,New England Patriots,3,1,59,,,,,,
HogaKe00,QB,Right,6.25,218,McLean VA    ,Gonzaga College (DC),,Kansas City Chiefs,5,1,162,4.78,,113,4.31,6.9,32.5
HogeGa00,QB,Right,6.333333333,205,Grand Rapids MI   ,Northview (MI),,Dallas Cowboys,5,1,133,,,,,,
HoheMi20,QB,,6,205,Rowland Heights CA   ,John A. Rowland (CA),,  ,,0,,,,,,,
HolcKe00,QB,Right,6.166666667,212,Fayetteville TN    ,Lincoln Co. (TN),,  ,,0,,,,,,,
HoldMi20,QB,,6,190,Phoenix AZ    ,Corona del Sol (AZ),,  ,,0,,,,,,,
HollBo00,QB,,6.166666667,197,Clifton NJ    ,Clifton (NJ),,Washington Redskins,11,1,291,,,,,,
HollDo00,QB,Right,6.25,215,Kingsville TX    ,Lamar Consolidated (TX),,Cincinnati Bengals,4,1,99,,,,,,
HonsTo20,QB,,6.083333333,195,Torrance CA    ,West (CA),,  ,,0,,,,,,,
HornMa20,QB,,6.166666667,205,Orange NJ    ,Milburn (NJ) Milford Academy (CT),,  ,,0,,,,,,,
HostJe00,QB,Right,6.25,215,Hollsopple PA    ,Conemaugh Twp. (PA),,New York Giants,3,1,59,,,,,,
HoyeBr00,QB,Right,6.166666667,216,North Olmsted OH   ,St. Ignatius (OH),,  ,,0,,5.02,,109,4.42,7.1,32
HoyiBo00,QB,Right,6.25,221,St. Henry OH   ,St. Henry (OH),,Philadelphia Eagles,3,1,85,,,,,,
HuarBr00,QB,Left,6.333333333,232,Seattle WA    ,Puyallup (WA),,Seattle Seahawks,3,1,77,,,,,,
HuarDa00,QB,Right,6.25,215,Yakima WA    ,Puyallup (WA),,  ,,0,,,,,,,
HudsDo20,QB,,6.166666667,201,Memphis TN    ,Gulf Breeze (FL),,Kansas City Chiefs,7,1,186,,,,,,
HuffGa00,QB,Right,6.083333333,195,Natchez MS    ,Leto (FL),,Chicago Bears,2,1,33,,,,,,
HufnJo00,QB,,6.083333333,194,Pittsburgh PA    ,Montour (PA),,Denver Broncos,14,1,348,,,,,,
HummDa00,QB,Left,6.166666667,188,Las Vegas NV   ,Bishop Gorman (NV),,Oakland Raiders,5,1,128,,,,,,
HumpSt00,QB,Right,6.166666667,223,Shreveport LA    ,Southwood (LA),,Washington Redskins,6,1,159,,,,,,
HundBr00,QB,Right,6.25,226,Phoenix AZ    ,Chandler (AZ),,Green Bay Packers,5,1,147,4.63,,120,3.98,6.93,36
HuntSc00,QB,Right,6.166666667,205,Mobile AL    ,C.F. Vigor (AL),,Green Bay Packers,6,1,140,,,,,,
HusaTo20,QB,,6.25,216,Brazos County TX   ,St. John Bosco (CA),,Washington Redskins,6,1,202,5.2,,99,4.41,7.17,27.5
HutcCh00,QB,Right,6.416666667,237,Boulder CO    ,Torrey Pines (CA),,  ,,0,,,,,,,
IngrKe20,QB,,6,178,Philadelphia PA    ,Murrell Dobbins Area Vo-Tech (PA),,  ,,0,,,,,,,
JackJa01,QB,,6,228,Tupelo MS    ,Tupelo (MS),,Denver Broncos,7,1,214,4.68,,109,,,
JackTa00,QB,Right,6.166666667,225,Mongtomery AL    ,Sidney Lanier (AL),,Minnesota Vikings,2,1,64,4.69,22,107,4.38,7.4,31.5
JawoRo00,QB,Right,6.166666667,196,Lackawanna NY    ,Lackawanna (NY),,Los Angeles Rams,2,1,37,,,,,,
JaynDa00,QB,,6.166666667,212,Kansas City KS   ,Bonner Springs (KS),,Kansas City Chiefs,3,1,66,,,,,,
JeffNe00,QB,,6.083333333,180,Fort Worth TX   ,Shawnee Mission South (KS),,San Diego Chargers,17,1,423,,,,,,
JensJi00,WR;QB,,6.333333333,215,Abington PA    ,Central Bucks West (PA),,Miami Dolphins,11,1,291,,,,,,
JoacSt20,QB,,6.25,215,Philadelphia PA    ,Haverford (PA),,Baltimore Colts,7,1,160,,,,,,
JohnBr00,QB,Right,6.083333333,245,Marietta GA    ,Charles D. Owen (NC),,Minnesota Vikings,9,1,227,,,,,,
JohnDo00,QB,Right,6.166666667,225,Gainesville FL    ,F.W. Buchholz (FL),,  ,,0,,4.95,,96,,,29.5
JohnJo05,QB,Right,6.25,219,Oakland CA    ,Oakland Technical (CA),,Tampa Bay Buccaneers,5,1,160,4.53,,110,4.42,7.56,33.5
JohnRo00,QB,Right,6.333333333,204,Newport Beach CA   ,El Toro (CA),,Jacksonville Jaguars,4,1,99,,,,,,
JoneBe00,QB,Right,6.25,210,Ruston LA    ,Ruston (LA),,Baltimore Colts,1,1,2,,,,,,
JoneCa01,QB,Right,6.416666667,250,Cleveland OH    ,Glenville (OH) Fork Union Military Academy (VA),,Buffalo Bills,4,1,139,4.81,,,,,36
JoneJ.00,QB,,6.083333333,190,Memphis TN    ,South Side (TN),,  ,,0,,,,,,,
JoneJu00,QB,Right,6.333333333,200,Portland OR    ,Grant (OR),,  ,,0,,,,,,,
JoneLa02,QB,Right,6.333333333,225,Artesia NM    ,Artesia (NM),,Pittsburgh Steelers,4,1,115,5.11,,115,4.3,7.12,31
JustPa00,QB,Right,6.333333333,211,Schaumburg IL    ,Schaumburg (IL),,Chicago Bears,7,1,190,,,,,,
KaepCo00,QB,Right,6.333333333,225,Milwaukee WI    ,Turlock (CA),,San Francisco 49ers,2,1,36,4.53,,115,4.18,6.85,32.5
KafkMi00,QB,Right,6.25,216,Chicago IL    ,St. Rita of Cascia (IL),,Philadelphia Eagles,4,1,122,4.93,,110,4.37,6.96,32
KaneDa00,QB,Right,6.25,218,Fort Lauderdale FL   ,Westminster Academy (FL),,New York Giants,4,1,130,,,,,,
KarcKe00,QB,Right,6.25,205,Pittsburgh PA    ,Shaler Area (PA),,  ,,0,,,,,,,
KeenCa00,QB,Right,6.083333333,215,Abilene TX    ,Wylie (TX),,  ,,0,,4.72,,103,,,32.5
KeitGa00,QB;P,,6.25,210,Alvin TX    ,Alvin (TX),,St. Louis Cardinals,2,1,45,,,,,,
KellJi00,QB,Right,6.25,217,Pittsburgh PA    ,East Brady (PA),,Buffalo Bills,1,1,14,,,,,,
KellMi21,QB,,6.25,195,Sonora CA    ,Westside (GA),,Atlanta Falcons,6,1,149,,,,,,
KempJe00,QB,Right,6,201,Santa Ana CA   ,Winston Churchill (MD),,  ,,0,,,,,,,
KennBi00,QB,Right,6.333333333,211,San Francisco CA   ,San Clemente (CA),,Miami Dolphins,12,1,333,,,,,,
KerrMi00,QB,,6.25,205,Chicago IL    ,Mount Carmel (IL),,  ,,0,,,,,,,
KessCo00,QB,Right,6.083333333,215,Bakersfield CA    ,Centennial (CA),,Cleveland Browns,3,1,93,4.89,,104,4,7.32,29.5
KielBl00,QB,,6,209,Columbus IN    ,East (IN),,Tampa Bay Buccaneers,11,1,281,,,,,,
KingKl00,QB,,6.25,220,San Antonio TX   ,New Braunfels (TX),,New England Patriots,6,1,201,4.77,,101,4.1,6.92,30
KingSh00,QB,Right,6.083333333,228,St. Petersburg FL   ,Gibbs (FL),,Tampa Bay Buccaneers,2,1,50,,,,,,
KinnG.00,QB,,6.166666667,218,     ,,,  ,,0,,,,,,,
KirkMi00,QB,,6.083333333,195,Pasadena TX    ,Pasadena (TX),,Baltimore Colts,5,1,143,,,,,,
KitnJo00,QB,Right,6.166666667,219,Tacoma WA    ,Lincoln (WA),,  ,,0,,,,,,,
KittKu00,QB,Right,6.166666667,221,Schaumburg IL    ,Schaumburg (IL),,Atlanta Falcons,5,1,158,4.86,,100,4.5,7.34,27
KizeDe00,QB,Right,6.333333333,235,Toledo OH    ,Central Catholic (OH),,Cleveland Browns,2,1,52,4.83,,107,4.53,7.4,30.5
KleiPe20,QB,,6.166666667,218,Santa Monica CA   ,Carson (CA) Pacific Palisades (CA),,Atlanta Falcons,4,1,111,,,,,,
KlinDa00,QB,Right,6.25,210,Houston TX    ,Stratford (TX),,Cincinnati Bengals,1,1,6,,,,,,
KnafGr20,QB,,6.333333333,220,Green Bay WI   ,Premontre (WI),,  ,,0,,,,,,,
KnapJe20,QB,,6.166666667,200,Wurzburg Germany    ,Fairview (CO),,  ,,0,,,,,,,
KoflMa00,QB,Right,6.25,192,Longview WA    ,Patrick Henry (CA),,Buffalo Bills,2,1,48,,,,,,
KolbKe00,QB,Right,6.25,218,Victoria TX    ,Stephenville (TX),,Philadelphia Eagles,2,1,36,4.85,,112,4.44,6.94,32.5
KomlJe00,QB,Right,6.166666667,200,Cheverly MD    ,DeMatha Catholic (MD),,Detroit Lions,9,1,231,,,,,,
KosaBe00,QB,Right,6.416666667,210,Boardman OH    ,Boardman (OH),,Cleveland Browns,1,1,1,,,,,,
KramEr00,QB,Right,6.083333333,200,Encino CA    ,Canoga Park (CA),,  ,,0,,,,,,,
KramTo00,QB,Right,6.166666667,200,San Antonio TX   ,Robert E. Lee (TX),,Minnesota Vikings,1,1,27,,,,,,
KrenCr00,QB,Right,6.333333333,225,Sterling Heights MI   ,Henry Ford II (MI),,Chicago Bears,5,1,148,4.84,,112,4.08,7.22,28
KresEr00,QB,,6.166666667,209,Cincinnati OH    ,Palm Beach Gardens (FL),,  ,,0,,,,,,,
KrieDa00,QB,Right,6.083333333,193,Iola WI    ,D.C. Everest (WI),,  ,,0,,,,,,,
KrucMi00,QB,Right,6.083333333,202,Washington DC    ,St. John's (VA),,Pittsburgh Steelers,2,1,47,,,,,,
KubiGa00,QB,Right,6,192,Houston TX    ,St. Pius X (TX),,Denver Broncos,8,1,197,,,,,,
KuppCr20,QB,,6.333333333,215,Sunnyside WA    ,Pacific Lutheran (WA),,New York Giants,5,1,135,,,,,,
LaufBa00,QB,Right,6.166666667,198,Burbank CA    ,Crespi Carmelite (CA),,Washington Redskins,6,1,168,,,,,,
LawrLa00,QB,,6.083333333,208,Mount Pleasant IA   ,Thomas Jefferson (IA),,  ,,0,,,,,,,
LeafRy00,QB,Right,6.416666667,245,Great Falls MT   ,C.M. Russell (MT),,San Diego Chargers,1,1,2,,,,,,
LeahBo00,QB,,6.166666667,205,Lindenhurst NY    ,Lindenhurst (NY),,  ,,0,,,,,,,
LeftBy00,QB,Right,6.416666667,250,Washington DC    ,Howard D. Woodson (DC),,Jacksonville Jaguars,1,1,7,4.85,,,,,
LeinMa00,QB,Left,6.416666667,225,Santa Ana CA   ,Mater Dei (CA),,Arizona Cardinals,1,1,10,4.9,,,,,
LemoCl00,QB,Right,6.25,218,Greenwood MS    ,Greenwood (MS),,  ,,0,,4.87,,106,4.27,7.33,35.5
LewiDa22,QB;P,,6.166666667,216,Clovis CA    ,Clovis (CA),,New York Giants,5,1,109,,,,,,
LewiJe01,QB,,6.166666667,211,Columbus OH    ,Horizon (AZ),,Denver Broncos,4,1,100,,,,,,
LewiTh01,QB,Right,6,200,Opa-locka FL    ,Hialeah Miami Lakes (FL),,  ,,0,,4.84,,107,,,28
LindRy00,QB,Right,6.25,229,San Diego CA   ,El Capitan (CA),,Arizona Cardinals,6,1,185,4.86,,108,4.45,7.52,29.5
LiscRu00,QB,Right,6.25,213,Belleville IL    ,Belleville West (IL),,St. Louis Cardinals,4,1,89,,,,,,
LobaSe00,QB,,6.5,223,     ,,,  ,,0,,,,,,,
LockJa00,QB,Right,6.166666667,228,Ferndale WA    ,Ferndale (WA),,Tennessee Titans,1,1,8,4.51,,120,4.12,6.77,35
LomaNe00,QB,Right,6.25,215,Portland OR    ,Lake Oswego (OR),,St. Louis Cardinals,2,1,33,,,,,,
LongCh00,QB,Right,6.333333333,217,Norman OK    ,North (IL),,Detroit Lions,1,1,12,,,,,,
LongCl00,QB,,6.083333333,193,Wichita Falls TX   ,Littleton (CO),,Cincinnati Bengals,1,1,1,,,,,,
LoreJa00,QB,Left,6.333333333,285,Covington KY    ,Highlands (KY),,  ,,0,,5.28,,,,,
LosmJ.00,QB,Right,6.166666667,217,Venice CA    ,Venice (CA),,Buffalo Bills,1,1,22,4.73,,116,,,33
LoydMi00,QB,,6.166666667,216,Joplin MO    ,Memorial (MO),,  ,,0,,,,,,,
LucaRa00,QB,Right,6.25,214,Harrison NJ    ,Harrison (NJ),,  ,,0,,,,,,,
LuckAn00,QB,Right,6.333333333,240,Washington DC    ,Stratford (TX),,Indianapolis Colts,1,1,1,4.59,,124,4.28,6.8,36
LuckOl00,QB,Right,6.166666667,196,Cleveland OH    ,St. Ignatius (OH),,Houston Oilers,2,1,44,,,,,,
LuckTe00,QB,,6.25,205,Fayetteville NC    ,Massey Hill (NC),,  ,,0,,,,,,,
LuthEd00,QB,Right,6.25,206,Gardena CA    ,St. Paul (CA),,San Diego Chargers,4,1,101,,,,,,
LyncPa00,QB,Right,6.583333333,244,San Antonio TX   ,Trinity Christian (FL),,Denver Broncos,1,1,26,4.86,,118,4.26,7.14,36
LytlMa00,QB,Left,6.333333333,225,Wyomissing PA    ,Wyomissing (PA),,  ,,0,,,,,,,
MachMi00,QB,,6.083333333,205,Las Vegas NV   ,Madison (CA),,Detroit Lions,6,1,154,,,,,,
MackKy00,QB,Right,6.25,220,Gladewater TX    ,Alpine (TX),,St. Louis Cardinals,11,1,296,,,,,,
MaddTo00,QB,Right,6.333333333,220,Shreveport LA    ,L.D. Bell (TX),,Denver Broncos,1,1,25,,,,,,
MahoPa00,QB,Right,6.25,230,Tyler TX    ,Whitehouse (TX),,Kansas City Chiefs,1,1,10,4.8,,114,4.08,6.88,30
MajkDo00,QB,Right,6.166666667,197,Buffalo NY    ,Depew (NY) Fork Union Military Academy (VA),,Green Bay Packers,10,1,255,,,,,,
MallRy00,QB,Right,6.5,240,Batesville AR    ,Texas (TX),,New England Patriots,3,1,74,5.37,,103,,,24
MaloMa00,QB;WR,Right,6.333333333,223,El Cajon CA   ,Valley (CA),,Pittsburgh Steelers,1,1,28,,,,,,
MangMa20,QB,,6.166666667,210,Cumberland MD    ,Fort Hill (MD),,Los Angeles Rams,4,1,105,,,,,,
MannAr00,QB,Right,6.25,212,Cleveland MS    ,Drew (MS),,New Orleans Saints,1,1,2,,,,,,
MannEl00,QB,Right,6.416666667,220,New Orleans LA   ,Isidore Newman (LA),,San Diego Chargers,1,1,1,4.9,,,,,
MannPe00,QB,Right,6.416666667,230,New Orleans LA   ,Isidore Newman (LA),,Indianapolis Colts,1,1,1,,,,,,
MannSe00,QB,Right,6.5,230,San Jose CA   ,Foothill (CA),,St. Louis Rams,3,1,89,5.14,,105,4.39,7.29,31
ManuDa20,QB,,6.166666667,196,Erie PA    ,McClintock (AZ),,Buffalo Bills,5,1,116,,,,,,
ManuEJ00,QB,Right,6.333333333,237,Virginia Beach VA   ,Bayside (VA),,Buffalo Bills,1,1,16,4.65,,118,4.21,7.08,34
ManzJo00,QB,,6,207,Tyler TX    ,Tivy (TX),,Cleveland Browns,1,1,22,4.68,,113,4.03,6.75,31.5
MaraGa00,QB,Right,6.083333333,201,Rockville Centre NY   ,Memorial (NY),,Buffalo Bills,3,1,70,,,,,,
MariDa00,QB,Right,6.333333333,224,Pittsburgh PA    ,Central Catholic (PA),,Miami Dolphins,1,1,27,,,,,,
MariMa01,QB,Right,6.333333333,222,Honolulu HI    ,Saint Louis (HI),,Tennessee Titans,1,1,2,4.52,,121,4.11,6.87,36
MariTo00,QB,Left,6.333333333,215,San Leandro CA   ,Capistrano Valley (CA),,Los Angeles Raiders,1,1,24,,,,,,
MartIn00,QB,,6.166666667,220,Memphis TN    ,Montgomery Bell Academy (TN),,Green Bay Packers,5,1,148,4.71,,111,4.17,7.13,36
MartJa00,QB,Right,6.166666667,205,Orange CA    ,Arroyo Grande (CA),,  ,,0,,,,,,,
MartTe00,QB,,6.166666667,225,Mobile AL    ,Williamson (AL),,Pittsburgh Steelers,5,1,163,4.58,,113,,,34.5
MathBr00,QB,Right,6.25,205,Superior WI    ,Superior (WI),,San Diego Chargers,10,1,272,,,,,,
MattSh00,QB,Right,6.25,196,Pascagoula MS    ,Pascagoula (MS),,  ,,0,,,,,,,
MattSt00,QB,Left,6.25,222,Tullahoma TN    ,Tullahoma (TN),,Kansas City Chiefs,7,1,199,,,,,,
MaucMa00,QB,,6.083333333,213,Evansville IN    ,Jasper (IN),,Denver Broncos,7,1,225,4.79,,,,,
MaysDa00,QB,Right,6.083333333,204,Pine Bluff AR   ,Southern University Laboratory School (LA),,  ,,0,,,,,,,
MayxDe20,QB,,6.416666667,220,Orlando FL    ,Trinity (KY),,Miami Dolphins,5,1,138,,,,,,
McCaA.00,QB,,6.25,215,Mobile AL    ,St. Paul's Episcopal (AL),,Cincinnati Bengals,5,1,164,4.94,,99,4.34,7.18,28
McClBr20,QB,,6.5,222,Ravenna OH    ,Rootstown (OH),,Buffalo Bills,12,1,313,,,,,,
McCoCo00,QB,Right,6.083333333,212,Hobbs NM    ,Jim Ned (TX),,Cleveland Browns,3,1,85,4.79,,114,,,
McCoJo01,QB,Right,6.333333333,218,Jacksonville TX    ,Jacksonville (TX),,Arizona Cardinals,3,1,81,4.59,,120,3.9,6.85,38.5
McCoLu00,QB,Right,6.333333333,217,Jacksonville TX    ,Jacksonville (TX),,Cleveland Browns,4,1,106,4.71,,125,4.21,6.74,37.5
McDoPa00,QB,Left,6.166666667,185,Montebello CA    ,Bishop Amat (CA),,Cleveland Browns,4,1,109,,,,,,
McElGr00,QB,Right,6.166666667,222,Los Angeles CA   ,Southlake Carroll (TX),,New York Jets,7,1,208,4.84,,107,4.45,7.11,33
McGeSt00,QB,Right,6.166666667,223,Round Rock TX   ,Burnet (TX),,Dallas Cowboys,4,1,101,4.61,,112,4.49,7.34,33
McGlMa01,QB,Right,6.083333333,210,Scranton PA    ,West Scranton (PA),,  ,,0,,,,,,,
McGuMo20,QB,,6.333333333,202,Abilene TX    ,Monahans (TX),,  ,,0,,,,,,,
McGwDa00,QB,Right,6.666666667,240,Pomona CA    ,Claremont (CA),,Seattle Seahawks,1,1,16,,,,,,
McIvRi20,QB,,6.333333333,210,Fort Davis TX   ,Fort Stockton (TX),,St. Louis Cardinals,3,1,80,,,,,,
McMaJi00,QB,Right,6.083333333,195,Jersey City NJ   ,Roy (UT),,Chicago Bears,1,1,5,,,,,,
McMaMi00,QB,Right,6.166666667,208,Wexford PA    ,North Allegheny (PA),,Detroit Lions,5,1,149,4.57,,124,4.12,7.12,37.5
McNaDo00,QB,Right,6.166666667,240,Chicago IL    ,Mount Carmel (IL),,Philadelphia Eagles,1,1,2,,,,,,
McNaSt00,QB,Right,6.166666667,230,Mount Olive MS   ,Mount Olive (MS),,Houston Oilers,1,1,3,,,,,,
McNeRe00,QB,,6.166666667,205,Lufkin TX    ,Lufkin (TX),,Cincinnati Bengals,6,1,193,4.4,,121,4.25,6.96,32
McNoCa00,QB,Left,6.083333333,208,Portland OR    ,San Benito (CA) West Linn (OR),,Chicago Bears,1,1,12,,,,,,
McQuKi00,QB,Right,6.166666667,203,Allentown PA    ,William Allen (PA),,Atlanta Falcons,3,1,69,,,,,,
MerkGu00,WR;QB;CB;S,,6.083333333,200,San Antonio TX   ,Edison (TX),,  ,,0,,,,,,,
MettZa00,QB,Right,6.416666667,224,Athens GA    ,Oconee County (GA),,Tennessee Titans,6,1,178,,,,,,
MilaDo00,QB,,6.25,200,Glendale CA    ,Santa Ynez (CA),,  ,,0,,,,,,,
MilaSc00,QB,,6.25,227,Butler PA    ,Butler (PA),,  ,,0,,,,,,,
MillCh00,QB,Right,6.166666667,212,Pomona CA    ,Henry D. Sheldon (OR),,Atlanta Falcons,1,1,13,,,,,,
MillHu00,QB,Right,6.416666667,216,Des Moines IA   ,Roosevelt (WA),,Los Angeles Rams,3,1,71,,,,,,
MillJi00,QB,Right,6.166666667,226,Grosse Pointe MI   ,Kettering (MI),,Pittsburgh Steelers,6,1,178,,,,,,
MillLa20,QB,,6.333333333,220,Chicago IL    ,,,  ,,0,,,,,,,
MillMa00,QB,,6.166666667,176,Canton OH    ,Canton South (OH),,Cleveland Browns,3,1,68,,,,,,
MillMa20,QB,,6.166666667,210,Grand Junction CO   ,Grand Junction (CO),,  ,,0,,,,,,,
MireRi00,QB,Right,6.25,210,Elkhart IN    ,Goshen (IN),,Seattle Seahawks,1,1,2,,,,,,
MitcSc00,QB,Left,6.5,240,Salt Lake City UT  ,Springville (UT),,Miami Dolphins,4,1,93,,,,,,
MontJo01,QB,Right,6.166666667,200,New Eagle PA   ,Ringgold (PA),,San Francisco 49ers,3,1,82,,,,,,
MoonWa00,QB,Right,6.25,218,Los Angeles CA   ,Alexander Hamilton (CA),,  ,,0,,,,,,,
MoorKe02,QB,Left,6,197,Prosser WA    ,Prosser (WA),,  ,,0,,4.82,,99,4.56,7.41,27
MoorMa01,QB,Right,6.25,192,Van Nuys CA   ,William S. Hart (CA),,  ,,0,,,,,,,
MoorSh00,QB,,6.166666667,213,Martinsville VA    ,Martinsville (VA),,Denver Broncos,11,1,284,,,,,,
MoreMo00,QB,Right,6.083333333,205,Chula Vista CA   ,Castle Park (CA),,Chicago Bears,7,1,232,,,,,,
MoroMi00,QB,Right,6.333333333,200,Bakersfield CA    ,Novato (CA),,Atlanta Falcons,6,1,154,,,,,,
MorrDe00,QB,Left,6.25,211,Pico Rivera CA   ,Pico Rivera (CA),,San Francisco 49ers,14,1,357,,,,,,
MorrSt00,QB,,6.166666667,220,     ,,,  ,,0,,4.63,,111,4.49,7.36,30
MurrAa00,QB,,6.083333333,207,     ,,,Kansas City Chiefs,5,1,163,4.84,,,,,
MusgBi00,QB,,6.166666667,199,Grand Junction CO   ,Grand Junction (CO),,Dallas Cowboys,4,1,106,,,,,,
MyerSt00,QB,Right,6.166666667,191,Covina CA    ,West Covina (CA),,Seattle Seahawks,4,1,93,,,,,,
NaglBr00,QB,Right,6.25,225,Philadelphia PA    ,Pinellas Park (FL),,New York Jets,2,1,34,,,,,,
NallCr00,QB,,6.25,230,Alexandria LA    ,Alexandria (LA),,Green Bay Packers,5,1,164,,,,,,
NapoBo00,QB,,6,190,Greensburg PA    ,Hempfield Area (PA),,Houston Oilers,10,1,256,,,,,,
NassRy00,QB,Right,6.166666667,227,West Chester PA   ,Malvern Prep (PA),,New York Giants,4,1,110,5.06,,105,4.53,7.34,28.5
NavaJo00,QB,,6.5,250,Cudahy WI    ,Cudahy (WI),,Arizona Cardinals,7,1,202,5.19,,100,4.46,7.73,26.5
NeuhRi20,QB,,6.083333333,190,Madison WI    ,McClintock (AZ),,  ,,0,,,,,,,
NewtCa00,QB,Right,6.416666667,245,College Park GA   ,Westlake (GA),,Carolina Panthers,1,1,1,4.56,,126,4.18,6.92,35
NielGi00,QB,Right,6.333333333,205,Provo UT    ,Provo (UT),,Houston Oilers,3,1,73,,,,,,
NorrDa20,QB,,6.333333333,220,Boston MA    ,Jesuit (OR),,Seattle Seahawks,11,1,291,,,,,,
NorsMi20,QB,,6.166666667,200,Los Angeles CA   ,Valley (CA),,Cleveland Browns,7,1,174,,,,,,
NottMi00,QB,,6.25,203,Eureka CA    ,Analy (CA),,  ,,0,,,,,,,
NugeTe20,QB,,6.333333333,218,Merced CA    ,Elk Grove (CA),,Cleveland Browns,6,1,158,,,,,,
NullKe00,QB,Right,6.333333333,222,Travis County TX   ,Lampassas (TX),,St. Louis Rams,6,1,196,,,,,,
NussDo00,QB,Left,6.25,211,Portland OR    ,Lakeridge (OR),,New Orleans Saints,4,1,116,,,,,,
OBriKe00,QB,Right,6.333333333,210,Rockville Centre NY   ,Jesuit (CA),,New York Jets,1,1,24,,,,,,
OConKe00,QB,Right,6.416666667,225,Knoxville TN    ,Costa Canyon (CA),,New England Patriots,3,1,94,4.61,,113,4.38,7.01,31
ODonNe00,QB,Right,6.25,228,Madison NJ    ,Madison (NJ),,Pittsburgh Steelers,3,1,70,,,,,,
OlanCl00,QB,,6.416666667,191,Hartford CT    ,League City (TX) Clear Creek (CO) Arvada (CO),,San Diego Chargers,5,1,128,,,,,,
OrloDa00,QB,Right,6.416666667,215,Bridgeport CT    ,Shelton (CT),,Detroit Lions,5,1,145,4.93,,107,4.39,7.33,29.5
OrtoKy00,QB,Right,6.333333333,228,Altoona IA    ,Southeast Polk (IA),,Chicago Bears,4,1,106,5.06,,,4.52,7.38,26.5
OsieSa20,QB,,6.416666667,202,Ansonia CT    ,Ansonia (CT),,  ,,0,,,,,,,
OSulJ.00,QB,Right,6.166666667,232,Burbank CA    ,Jesuit (CA),,New Orleans Saints,6,1,186,4.88,,107,4.28,7.46,29
OsweBr00,QB,Right,6.583333333,240,Coeur d'Alene ID   ,Flathead (MT),,Denver Broncos,2,1,57,4.83,,,,,
OwenTo00,QB,Right,6.083333333,195,Shreveport LA    ,Turner (KS),,San Francisco 49ers,13,1,322,,,,,,
PageMi00,QB,Right,6.166666667,206,Douglas AZ    ,Washington (AZ),,Baltimore Colts,4,1,84,,,,,,
PainCu00,QB,Right,6.333333333,230,Watseka IL    ,Lincoln (IN),,Indianapolis Colts,6,1,201,4.87,,102,4.48,7,29
PalkTy00,QB,Left,6.083333333,215,Imperial PA    ,West Allegheny (PA),,  ,,0,,4.83,,112,4.36,7.05,31.5
PalmCa00,QB,Right,6.416666667,235,Fresno CA    ,Santa Margarita (CA),,Cincinnati Bengals,1,1,1,4.65,,,,,
PalmJe00,QB,Right,6.166666667,225,Toronto Canada    ,St. Pius X (Canada),,New York Giants,4,1,125,4.78,,112,4.29,7.13,35.5
PalmJo20,QB,Right,6.416666667,232,Westkake Village CA   ,Mission Viejo (CA),,Washington Redskins,6,1,205,4.98,,104,4.58,7.32,30.5
PastDa00,QB;P,Right,6.166666667,208,San Francisco CA   ,Bellarmine Prep (CA),,Houston Oilers,1,1,3,,,,,,
PatrFr00,QB,,6.583333333,225,Derry PA    ,Derry (PA),,Green Bay Packers,10,1,251,,,,,,
PaytSe20,QB,,5.916666667,200,San Mateo CA   ,Naperville Central (IL),,  ,,0,,,,,,,
PeasBr00,QB,Right,6.166666667,201,Moscow ID    ,Mountain Home (ID),,Minnesota Vikings,11,1,295,,,,,,
PedeDo00,QB,Right,6.25,220,Bellingham WA    ,Ferndale (WA),,  ,,0,,,,,,,
PeetRo00,QB,Right,6,230,Mesa AZ    ,Sahuaro (AZ) Shawnee Mission South (KS),,Detroit Lions,6,1,141,,,,,,
PellSt00,QB,Right,6.333333333,209,Yakima WA    ,Interlake (WA),,Dallas Cowboys,5,1,113,,,,,,
PennCh01,QB,Right,6.25,230,Knoxville TN    ,Webb School (TN),,New York Jets,1,1,18,4.81,,111,4.16,7.12,33.5
PenrCr00,QB,Right,6.25,211,Woodland CA    ,Woodland (CA),,Denver Broncos,4,1,107,,,,,,
PeteNa00,QB,Right,6.166666667,225,Jacksonville FL    ,Bartram Trail (FL),,Buffalo Bills,5,1,171,4.82,,110,4.31,7.14,31
PettBr01,QB,Right,6.25,226,Thomaston GA    ,Midlothian (TX),,New York Jets,4,1,103,4.87,,121,4.13,6.91,34
PhilTo00,QB,Right,6.333333333,218,Norwalk CT    ,Norwalk (CT),,  ,,0,,,,,,,
PhipMi00,QB,Right,6.25,208,Shelbyville IN    ,Columbus North (IN),,Cleveland Browns,1,1,3,,,,,,
PickCo00,QB,,6.25,227,Caldwell ID    ,Caldwell (ID),,San Francisco 49ers,7,1,217,4.79,,109,4.3,7.19,30.5
PikeTo00,QB,,6.416666667,212,Cincinnati OH    ,Reading Community (OH),,Carolina Panthers,6,1,204,4.9,,108,4.53,7.06,28.5
PisaJo00,QB,Right,6.333333333,220,Kingston PA    ,Central Catholic (PA),,  ,,0,,,,,,,
PisaSt00,QB,Right,6.166666667,205,Florissant MO    ,McCluer (MO),,St. Louis Cardinals,1,1,19,,,,,,
PlumJa00,QB,Right,6.166666667,212,Boise ID    ,Capital (ID),,Arizona Cardinals,2,1,42,,,,,,
PlunJi00,QB,Right,6.25,220,San Jose CA   ,William C. Overfelt (CA) James Lick (CA),,New England Patriots,1,1,1,,,,,,
PondCh00,QB,Right,6.166666667,222,Dallas TX    ,Colleyville Heritage (TX),,Minnesota Vikings,1,1,12,4.63,,116,4.09,6.85,34
PresDa01,QB,Right,6.166666667,238,Sulphur LA    ,Haughton (LA),,Dallas Cowboys,4,1,135,4.79,,116,4.32,7.11,32.5
PryoTe00,QB;WR,Right,6.333333333,228,Jeannette PA    ,Jeannette (PA),,Oakland Raiders,3,1,1,,,,,,
QuarBe20,QB,,6.166666667,215,Los Angeles CA   ,Thomas Jefferson (CA),,  ,,0,,,,,,,
QuigRy00,P;QB,,6.166666667,205,Roselle NJ    ,North Myrtle Beach (SC),,  ,,0,,,,,,,
QuinBr00,QB,Right,6.333333333,232,Columbus OH    ,Dublin Coffman (OH),,Cleveland Browns,1,1,22,4.73,24,,,,
QuinJo00,QB,Right,6.5,243,Turlock CA    ,McGavock (TN),,Jacksonville Jaguars,3,1,86,,,,,,
QuinMi00,QB,,6.333333333,216,Las Vegas NV   ,Wisdom (TX),,  ,,0,,,,,,,
RaexMi00,QB,Right,6,193,Long Beach CA   ,Lakewood (CA),,Oakland Raiders,8,1,205,,,,,,
RagoDa00,QB,Left,6.333333333,245,Middleburg OH    ,St. Ignatius (OH),,Houston Texans,3,1,88,4.99,,101,4.36,7.42,30.5
RamsPa00,QB,Right,6.166666667,225,Ruston LA    ,Ruston (LA),,Washington Redskins,1,1,32,5.24,,112,4.09,7.12,33.5
RamsSt00,QB,Right,6.166666667,210,Dallas TX    ,W.W. Samuell (TX),,New Orleans Saints,5,1,126,,,,,,
RamsTo00,QB,Right,6.083333333,189,Encino CA    ,John F. Kennedy (CA),,New England Patriots,10,1,267,,,,,,
RattTi00,QB,Right,6,200,Elyria OH    ,Phoenix Christian (AZ),,San Francisco 49ers,7,1,212,4.91,,100,4.21,7.34,25.5
ReavJo00,QB,Right,6.25,210,Anniston AL    ,T.R. Robinson (FL),,Philadelphia Eagles,1,1,14,,,,,,
RedmCh00,QB,Right,6.25,223,Louisville KY    ,Male (KY),,Baltimore Ravens,3,1,75,5.37,,98,4.78,7.8,26.5
ReedJo00,QB,Right,6.083333333,195,Newport RI    ,Lorenzo (TX),,San Francisco 49ers,11,1,283,,,,,,
ReedMa20,QB,,6.25,201,Moorhead MN    ,Moorhead (MN),,New York Giants,8,1,207,,,,,,
ReicFr00,QB,Right,6.333333333,210,Freeport NY    ,Cedar Crest (PA),,Buffalo Bills,3,1,57,,,,,,
RenfSe00,QB,,6.25,219,Scottsdale AZ    ,Notre Dame Prep (AZ),,Atlanta Falcons,7,1,249,4.76,,,,,
RichBu00,QB,Right,6.083333333,228,Baton Rouge LA   ,Broadmoor (LA),,Houston Oilers,8,1,220,,,,,,
RichWa00,QB,,6.333333333,225,Orangeburg SC    ,Sumter (SC),,Baltimore Ravens,7,1,234,,,,,,
RiorTi20,QB,,6.083333333,185,New London CT   ,New London (CT),,St. Louis Cardinals,3,1,73,,,,,,
RishAl20,QB,,6.166666667,190,New Orleans LA   ,Salmen (LA),,  ,,0,,,,,,,
RitcJa20,QB,,6.166666667,220,Honolulu HI    ,Copperas Cove (TX),,  ,,0,,,,,,,
RivePh00,QB,Right,6.416666667,228,Decatur AL    ,Athens (AL),,New York Giants,1,1,4,5.08,,,,,
RobiMa01,QB,Right,6.166666667,196,Farmington MI    ,North Springs (GA),,New York Jets,9,1,227,,,,,,
RobiTo20,QB,,6.25,200,Monticello FL    ,Leon (FL),,  ,,0,,,,,,,
RobiZa00,QB,Right,6.25,218,     ,,,New England Patriots,7,1,250,4.68,,110,4.4,7.24,35
RodgAa00,QB,Right,6.166666667,225,Chico CA    ,Pleasant Valley (CA),,Green Bay Packers,1,1,24,4.71,,110,,7.38,34.5
RoetBe00,QB,Right,6.416666667,240,Lima OH    ,Findlay (OH),,Pittsburgh Steelers,1,1,11,4.75,,,,,
RomoTo00,QB,Right,6.166666667,230,San Diego CA   ,Burlington (WI),,  ,,0,,5.01,,105,4.2,7.11,30
RoseSa00,QB,Right,6.333333333,222,Maquoketa IA    ,Maquoketa (IA),,Washington Redskins,4,1,109,4.74,,107,4.29,7.07,34
RoseTi00,QB,Right,6.166666667,210,Everett WA    ,Hellgate (MT),,Phoenix Cardinals,1,1,2,,,,,,
RoweJe00,QB,,,,USA     ,,,Cincinnati Bengals,5,1,151,4.91,,114,4.42,7.16,29.5
RubbEd20,QB,,6.416666667,225,Suffern NY    ,Clarkstown North (NY),,  ,,0,,,,,,,
RublTJ00,QB,Right,6.25,212,Davenport IA    ,West (IA),,Los Angeles Rams,9,1,228,,,,,,
RudoJa00,QB,Right,6.25,212,Weston FL    ,St. Thomas Aquinas (FL),,Detroit Lions,6,1,191,,,,,,
RushCo00,QB,,6.25,225,Charlotte MI    ,Lansing Catholic (MI),,  ,,0,,4.93,,105,4.47,7.23,27
RussJa00,QB,Right,6.5,265,Mobile AL    ,Lillie B. Williamson (AL),,Oakland Raiders,1,1,1,4.83,,,,,
RutlJe00,QB,Right,6.083333333,195,Birmingham AL    ,Banks (AL),,Los Angeles Rams,9,1,246,,,,,,
RyanMa00,QB,Right,6.333333333,217,Exton PA    ,William Penn Charter School (PA),,Atlanta Falcons,1,1,3,4.89,,,4.51,7.4,
RyanPa00,QB,Right,6.25,210,Hutchinson KS    ,Putnam City (OK),,New York Jets,11,1,281,,,,,,
RypiMa00,QB,Right,6.333333333,231,Calgary Canada    ,Shadle Park (WA),,Washington Redskins,6,1,146,,,,,,
SaccTo00,QB,,6.416666667,230,Delran NJ    ,Delran (NJ),,Phoenix Cardinals,2,1,46,,,,,,
SaliSe00,QB,Right,6.416666667,225,Long Beach CA   ,Orange Glen (CA),,  ,,0,,,,,,,
SancMa00,QB,Right,6.166666667,232,Long Beach CA   ,Mission Viejo (CA),,New York Jets,1,1,5,4.93,,116,4.21,7.06,32.5
SautCo00,QB,,6.333333333,216,Hutchinson MN    ,Hutchinson (MN),,  ,,0,,,,,,,
SavaTo00,QB,Right,6.333333333,230,Springfield PA    ,Cardinal O'Hara (PA),,Houston Texans,4,1,135,4.97,,105,4.36,7.33,27
SchaMa00,QB,Right,6.5,245,West Chester PA   ,East (PA),,Atlanta Falcons,3,1,90,5.04,,110,4.62,7.65,30.5
SchlAr00,QB,Right,6.25,210,Washington Court House OH  ,Miami Trace (OH),,Baltimore Colts,1,1,4,,,,,,
SchoTu00,QB,Right,6.083333333,191,Torrance CA    ,Servite (CA),,Chicago Bears,9,1,242,,,,,,
SchrJa00,QB,Right,6.333333333,215,Milwaukee WI    ,Pacific Palisades (CA),,Washington Redskins,3,1,83,,,,,,
SciaJo20,CB;S;QB,,5.916666667,185,Los Angeles CA   ,Bishop Amat (CA),,Chicago Bears,4,1,103,,,,,,
ScotBo00,QB,Right,6.083333333,201,Chattanooga TN    ,Rossville (GA),,New Orleans Saints,14,1,340,,,,,,
SecuSc00,QB,Right,6.25,220,Newport News VA   ,Chantilly (VA),,Dallas Cowboys,6,1,151,,,,,,
SeurFr00,QB,,6.083333333,195,Huntington Beach CA   ,Edison (CA),,Seattle Seahawks,3,1,76,,,,,,
ShawCo00,QB,,6,206,Gainesville GA    ,Flowery Branch (GA),,  ,,0,,4.66,,116,4.33,7.07,34
ShawDe00,QB,Right,6.25,217,Los Angeles CA   ,Damien (CA),,Buffalo Bills,2,1,30,,,,,,
ShieJo20,QB,,6.083333333,185,Brattleboro VT    ,Worcester Academy (MA),,Green Bay Packers,11,1,294,,,,,,
ShulHe00,QB,Right,6.166666667,216,Bryson City NC   ,Swain Co. (NC),,Washington Redskins,1,1,3,,,,,,
SiemTr00,QB,Right,6.25,220,Windermere FL    ,Olympia (FL),,Denver Broncos,7,1,250,,,,,,
SimmCh00,QB,Left,6.333333333,230,Ridgewood NJ    ,Ramapo (NJ),,Tampa Bay Buccaneers,3,1,97,4.84,,103,4.21,7.38,31
SimmMa00,QB,,6.25,210,Franklin Lakes NJ   ,Don Bosco Prep (NJ),,  ,,0,,,,,,,
SimmPh00,QB,Right,6.25,216,Springfield KY    ,Southern (KY),,New York Giants,1,1,7,,,,,,
SipeBr00,QB,Right,6.083333333,195,San Diego CA   ,Grossmont (CA),,Cleveland Browns,13,1,330,,,,,,
SkelJo00,QB,Right,6.416666667,244,El Paso TX   ,Burges (TX),,Arizona Cardinals,5,1,155,4.85,,108,4.33,7.17,33.5
SmitAk00,QB,Right,6.25,220,San Diego CA   ,Abraham Lincoln (CA),,Cincinnati Bengals,1,1,3,,,,,,
SmitAl03,QB,Right,6.333333333,213,Seattle WA    ,Helix (CA),,San Francisco 49ers,1,1,1,4.71,,113,3.96,6.82,32
SmitBr01,WR;QB;RB,Right,6.166666667,213,Youngstown OH    ,Chaney (OH),,New York Jets,4,1,103,4.46,,128,4.33,7,39.5
SmitGe00,QB,,6.25,221,Miramar FL    ,Miramar (FL),,New York Jets,2,1,39,4.58,,124,,,33.5
SmitRu01,QB,Right,6.416666667,212,Jacksonville FL    ,Sandalwood (FL),,Tennessee Titans,6,1,176,,,,,,
SmitTr02,QB,Right,6,225,Cleveland OH    ,Glenville (OH),,Baltimore Ravens,5,1,174,4.72,,,,,
SnydLo20,QB,,6.333333333,207,Yakima WA    ,Thornton (CO),,  ,,0,,,,,,,
SoloFr01,WR;QB;RB,,5.916666667,185,Sumter SC    ,Sumter (SC),,Miami Dolphins,2,1,36,,,,,,
SoreBr00,QB,,6.416666667,229,     ,,,San Diego Chargers,7,1,221,4.97,,112,4.55,7.17,29
SorgJi00,QB,Right,6.416666667,196,Fraser MI    ,Fraser (MI),,Indianapolis Colts,6,1,193,,,,,,
SproDe20,QB,,6.166666667,210,Downey CA    ,Los Altos (CA),,Green Bay Packers,8,1,200,,,,,,
St.PBr20,QB,,6.25,224,Salem MA    ,St. John's Prep (MA),,Pittsburgh Steelers,5,1,163,,,,,,
StabKe00,QB,Left,6.25,215,Foley AL    ,Foley (AL),,Oakland Raiders,2,1,52,,,,,,
StafMa00,QB,Right,6.25,220,Tampa FL    ,Highland Park (TX),,Detroit Lions,1,1,1,4.81,,107,4.47,7.06,30.5
StanDr00,QB,Right,6.25,226,Okemos MI    ,Harrison (MI),,Detroit Lions,2,1,43,4.75,,108,4.41,6.77,30.5
StanIs00,QB;WR,,6.25,216,Seattle WA    ,Garfield (WA),,Dallas Cowboys,4,1,103,4.6,22,,,,
StanRi00,QB,Right,6.333333333,223,USA     ,,,Kansas City Chiefs,5,1,135,4.87,,110,4.43,6.95,32.5
StanSc00,QB,,6.083333333,194,Philadelphia PA    ,Central Bucks East (PA),,  ,,0,,,,,,,
StenSt00,QB,Right,6.166666667,206,Hunt County TX   ,El Toro (CA),,Kansas City Chiefs,4,1,134,,,,,,
StepNi00,QB,Right,6.25,235,     ,,,  ,,0,,,,,,,
StevMa20,QB,,6.083333333,190,Passaic NJ    ,Passaic (NJ),,  ,,0,,,,,,,
StevMa21,QB,,6,190,Sulphur LA    ,Fountain Valley (CA),,  ,,0,,,,,,,
StewKo00,QB;WR,Right,6.083333333,218,New Orleans LA   ,John Ehret (LA),,Pittsburgh Steelers,2,1,60,,,,,,
StoeCl00,QB,,6.166666667,210,Baytown TX    ,Robert E. Lee (TX),,  ,,0,,,,,,,
StouCl00,QB,Right,6.333333333,215,Oberlin OH    ,Oberlin (OH),,Pittsburgh Steelers,5,1,121,,,,,,
StouKe00,QB,Right,6.25,210,Scottsbluiff NC    ,Rushville (NE),,St. Louis Cardinals,1,1,6,,,,,,
StroDo00,QB,Right,6.416666667,220,Pottstown PA    ,Owen J. Roberts (PA),,Miami Dolphins,5,1,111,,,,,,
StroRi00,QB,,6.166666667,210,Pittsburgh PA    ,Fox Chapel (PA),,  ,,0,,,,,,,
SudfNa00,QB,Right,6.5,227,Modesto CA    ,Modesto Christian (CA),,Washington Redskins,6,1,187,5.02,,105,,,29
SullPa00,QB,Right,6,198,Birmingham AL    ,John Carroll (AL),,Atlanta Falcons,2,1,40,,,,,,
SummCa00,QB,,6.333333333,208,Virginia Beach VA   ,Floyd E. Kellam (VA),,New York Giants,4,1,80,,,,,,
SweeKe00,QB,Right,6,191,Bozeman MT    ,Bullard (CA),,Dallas Cowboys,7,1,180,,,,,,
TaggJe00,QB,Right,6.166666667,220,Omaha NE    ,Green Bay West (WI),,Green Bay Packers,1,1,11,,,,,,
TannAl00,QB,Right,6.333333333,220,Lexington IL    ,Lexington (IL),,  ,,0,,,,,,,
TannRy00,QB,Right,6.333333333,207,Big Spring TX   ,Big Spring (TX),,Miami Dolphins,1,1,8,4.65,,,,,
TaylJi20,QB,,6.166666667,205,San Antonio TX   ,Somerset (TX),,Baltimore Colts,11,1,280,,,,,,
TaylTr00,QB,,6.333333333,200,Downey CA    ,Cordova (CA),,New York Jets,4,1,84,,,,,,
TaylTy00,QB;WR,Right,6.083333333,217,Hampton VA    ,Hampton (VA),,Baltimore Ravens,6,1,180,4.47,,126,4.09,6.78,37.5
TeboTi00,QB;RB;TE,Left,6.166666667,236,Makati City Phillipines   ,Allen D. Nease (FL),,Denver Broncos,1,1,25,4.71,,115,4.17,6.66,38.5
TestVi00,QB,Right,6.416666667,235,New York NY   ,Sewanhaka (NY) Fork Union Military Academy (VA),,Tampa Bay Buccaneers,1,1,1,,,,,,
TheiJo00,QB,Right,6,192,New Brunswick NJ   ,South River (NJ),,Miami Dolphins,4,1,99,,,,,,
ThigTy00,QB,Right,6.25,235,Winnsboro SC    ,Fairfield Central (SC),,Minnesota Vikings,7,1,217,,,,,,
ThomJa00,QB,Right,6.25,217,Tutuwila American Samoa   ,Evergreen (WA),,Cincinnati Bengals,1,1,3,,,,,,
ThomKe00,QB,,6.416666667,236,Gaithersburg MD    ,Damascus (MD),,  ,,0,,,,,,,
ThomLo00,QB;TE,,6.5,250,Lynchburg VA    ,Brookville (VA),,Arizona Cardinals,4,1,120,4.61,,118,4.18,7.05,35.5
ThreBr20,CB;S;QB,,6,190,Nocona TX    ,New Iberia (LA),,San Francisco 49ers,5,1,133,,,,,,
TinsSc20,QB,,6.166666667,195,Oklahoma City OK   ,Putnam City West (OK),,  ,,0,,,,,,,
ToddRi00,QB,Right,6.166666667,207,Birmingham AL    ,Davidson (AL),,New York Jets,1,1,6,,,,,,
TollBi00,QB,Right,6.083333333,217,Dallas TX    ,Boyd (TX),,San Diego Chargers,2,1,51,,,,,,
TolzSc00,QB,Right,6.25,205,Rolling Meadows IL   ,William Fremd (IL),,  ,,0,,4.92,,116,4.12,6.84,29.5
TomcMi00,QB,Right,6.083333333,202,Chicago IL    ,Thornton Fractional North (IL),,  ,,0,,,,,,,
ToreGi00,QB,,6.166666667,215,Pinole Valley CA   ,Pinole Valley (CA),,Minnesota Vikings,7,1,192,,,,,,
TottWi20,QB,,6.166666667,195,Leflore MS    ,J.Z. George (MS),,  ,,0,,,,,,,
TrocRi20,QB;CB;S,,6,188,Cleveland OH    ,Brooklyn (OH),,Pittsburgh Steelers,11,1,292,,,,,,
TrouBi00,QB,Right,6.416666667,220,Pittsburgh PA    ,Bethel Park (PA),,  ,,0,,,,,,,
TrubMi00,QB,Right,6.166666667,215,Mentor OH    ,Mentor (OH),,Chicago Bears,1,1,2,4.67,,116,4.25,6.87,27.5
TrudJa00,QB,Right,6.25,227,Forest Lake MN   ,Granada (CA),,Indianapolis Colts,2,1,47,,,,,,
TuelJe00,QB,,6.25,218,Boca Raton FL   ,Salpointe Catholic (AZ) Clovis West (CA),,  ,,0,,,,,,,
TuiaMa00,QB,,6.083333333,220,Seattle WA    ,Woodinville (WA),,Oakland Raiders,2,1,59,4.71,,115,4.35,7.36,35.5
TupaTo20,QB;P,Right,6.333333333,225,Cleveland OH    ,Brecksville (OH),,Phoenix Cardinals,3,1,68,,,,,,
TurnRi21,QB,,6,190,Los Angeles CA   ,Compton (CA),,  ,,0,,,,,,,
VanGTi00,QB,Right,6.166666667,200,Racine WI    ,West (WI),,St. Louis Cardinals,6,1,88,,,,,,
VanPAl00,QB,Right,6.083333333,220,Pittsburgh PA    ,Winston Churchill (TX),,Pittsburgh Steelers,8,1,216,,,,,,
VanPBr00,QB,,6.166666667,225,Owosso MI    ,San Marcos (CA),,Denver Broncos,7,1,250,4.98,,115,4.11,6.89,33.5
VanRJe20,QB,,6.083333333,210,Columbus OH    ,Grossmont (CA),,  ,,0,,,,,,,
VaugDu00,QB,,6.416666667,220,     ,,,  ,,0,,4.95,,108,4.43,7.25,29
VickMa20,QB;WR,,6,213,Newport News VA   ,Warwick (VA),,  ,,0,,4.47,,117,4.08,6.94,36
VickMi00,QB;RB,Left,6,210,Newport News VA   ,Warwick (VA),,Atlanta Falcons,1,1,1,4.33,,,,,
VlasMa00,QB,Right,6.25,205,Rochester PA    ,Center (PA),,San Diego Chargers,4,1,88,,,,,,
VoleBi00,QB,Right,6.166666667,214,Hemet CA    ,Clovis West (CA),,  ,,0,,,,,,,
WalkJa22,QB,,6.25,229,Los Angeles CA   ,University (CA),,New England Patriots,7,1,198,,,,,,
WallSe00,QB,Right,5.916666667,205,Sacramento CA    ,Cordova (CA),,Seattle Seahawks,4,1,110,4.56,,127,4.14,6.98,38
WalsSt00,QB;P,Right,6.25,207,St. Paul MN   ,Cretin-Derham Hall (MN),,Dallas Cowboys,1,1,1,,,,,,
WaltAn00,QB,Right,6.416666667,235,Phoenix AZ    ,Grand Junction (CO),,Oakland Raiders,3,1,69,4.86,,,,,
WaltDa20,QB,,6.25,230,West Branch MI   ,Meridian (MI),,New York Giants,11,1,307,,,,,,
WaltJo00,QB,,6.166666667,210,Elizabeth City NC   ,P.W. Moore (NC),,  ,,0,,,,,,,
WareAn00,QB,Right,6.166666667,205,Galveston TX    ,Dickinson (TX),,Detroit Lions,1,1,7,,,,,,
WarnKu00,QB,Right,6.166666667,214,Burlington IA    ,Regis (IA),,  ,,0,,,,,,,
WatsDe00,QB,Right,6.166666667,220,Gainesville GA    ,Gainesville (GA),,Houston Texans,1,1,12,4.66,,119,4.31,6.95,32.5
WebbJo00,WR;QB,Right,6.333333333,231,Birmingham AL    ,Wenonah (AL),,Minnesota Vikings,6,1,199,,,,,,
WebeAd00,QB,Right,6.25,221,     ,,,  ,,0,,,,,,,
WeedBr00,QB,Right,6.25,227,Oklahoma City OK   ,Edmond Santa Fe (OK),,Cleveland Browns,1,1,22,4.89,,,,,
WeesNo00,QB;P,Right,6.083333333,195,Baton Rouge LA   ,Chalmette (LA),,Los Angeles Rams,4,1,99,,,,,,
WeinCh00,QB,Right,6.333333333,232,St. Paul MN   ,Cretin-Derham Hall (MN),,Carolina Panthers,4,1,106,5.2,,,,,
WeldCa00,QB,Right,6.083333333,206,Americus GA    ,North Florida Christian (FL),,Philadelphia Eagles,4,1,102,,,,,,
WellMi21,QB,,6.416666667,225,Normal IL    ,Normal (IL),,Minnesota Vikings,4,1,80,,,,,,
WennKe00,QB,,6.25,218,     ,,,Baltimore Ravens,6,1,194,5,,100,4.25,7.07,28
WentCa00,QB,Right,6.416666667,237,Raleigh NC    ,Bismarck Century (ND),,Philadelphia Eagles,1,1,2,4.77,,118,4.15,6.86,30.5
WhelCr00,QB,Right,6.416666667,220,Santa Clara CA   ,Santa Teresa (CA),,San Diego Chargers,6,1,197,,,,,,
WhitCh02,QB,Right,6.333333333,226,Green Bay WI   ,Chattahoochee (GA),,San Diego Chargers,3,1,81,4.75,,112,4.11,7,33
WhitDa01,QB;P,Right,6.166666667,193,Mesa AZ    ,Westwood (AZ),,Dallas Cowboys,3,1,53,,,,,,
WhitDa02,QB,Right,6.166666667,204,Baumhaulder Germany    ,Walker (GA),,Green Bay Packers,8,1,206,,,,,,
WhitPa01,QB;WR,Left,6,190,Mobile AL    ,Daphne (AL),,Miami Dolphins,2,1,44,4.55,,117,4.42,7.06,35
WhitTo20,QB,,6,185,Dallas TX    ,Justin F. Kimball (TX),,  ,,0,,,,,,,
WilhEr00,QB,Left,6.25,217,Dayton OH    ,Gladstone (OR) Lakeridge (OR),,Cincinnati Bengals,3,1,83,,,,,,
WillDo01,QB,Right,6.333333333,220,Zachary LA    ,Chaneyville (LA),,Tampa Bay Buccaneers,1,1,17,,,,,,
WillPe00,QB,Right,6.166666667,188,Morris AL    ,Mortimer Jordan (AL),,Chicago Bears,3,1,63,,,,,,
WillRo01,TE;WR;QB,,6.416666667,265,Rochester NY    ,East (NY),,St. Louis Rams,4,1,98,,,,,,
WilsDa00,QB,Right,6.25,206,Anaheim CA    ,Katella (CA),,New Orleans Saints,1,1,1,,,,,,
WilsJo01,QB,Right,6.416666667,219,Montgomery AL    ,,,  ,,0,,4.75,,105,4.59,7.53,29.5
WilsMa00,QB,Right,6.5,205,Bremerton WA    ,Shorecrest (WA),,Oakland Raiders,1,1,15,,,,,,
WilsRu00,QB,Right,5.916666667,215,Cincinnati OH    ,Collegiate School (VA),,Seattle Seahawks,3,1,75,4.53,,118,4.09,6.97,34
WilsWa00,QB,Right,6.25,210,Greenville TX    ,Commerce (TX),,Minnesota Vikings,8,1,210,,,,,,
WinsJa00,QB,Right,6.333333333,231,Bessemer AL    ,Hueytown (AL),,Tampa Bay Buccaneers,1,1,1,4.97,,103,4.36,7.16,28.5
WitkJo00,QB,,6.083333333,200,New York NY   ,Lindenhurst (NY),,Detroit Lions,6,1,160,,,,,,
WoodDa00,QB,Right,6.166666667,210,Shreveport LA    ,C.E. Byrd (LA),,Miami Dolphins,8,1,214,,,,,,
WoodTo02,QB,,6.166666667,208,Winston-Salem NC    ,Glenn (NC),,  ,,0,,,,,,,
WoolSc20,QB,,6.083333333,190,Salem OR    ,West Branch (IA),,  ,,0,,,,,,,
WrigAn00,QB,Right,6.083333333,211,Vanceboro NC    ,West Craven (NC),,  ,,0,,,,,,,
WrigRa00,QB,Right,6.166666667,200,Austin TX    ,St. Charles (IL),,Green Bay Packers,6,1,153,,,,,,
WuerDa00,QB,Right,6.083333333,212,Fort Walton Beach FL  ,Fort Walton Beach (FL),,New Orleans Saints,4,1,99,,,,,,
WynnSp00,QB,Right,6.25,226,Houston TX    ,Episcopal (TX),,Cleveland Browns,6,1,183,4.91,,108,4.59,7.71,34
YateT.00,QB,Right,6.333333333,215,Marietta GA    ,Pope (GA),,Houston Texans,5,1,152,5.06,,104,4.12,6.96,29.5
YounSt00,QB,Left,6.166666667,215,Salt Lake City UT  ,Greenwich (CT),,Tampa Bay Buccaneers,1,1,1,,,,,,
YounVi00,QB,Right,6.416666667,232,Houston TX    ,Madison (TX),,Tennessee Titans,1,1,3,4.48,,,,,
ZeieEr00,QB,Right,6.083333333,214,Pensacola FL    ,American School (Germany) Marietta (GA),,Cleveland Browns,3,1,84,,,,,,
ZolaSc00,QB,Right,6.416666667,230,Pittsburgh PA    ,Ringgold (PA),,New England Patriots,4,1,84,,,,,,
ZornJi00,QB,Left,6.166666667,200,Whittier CA    ,Richard Gahr (CA),,  ,,0,,,,,,,
