,C,C,Q,Q,C,C,Q,C,Q,Q,Q,Q,Q,Q,Q,Q,Q
plyr,pos,Throws,Height,Weight,Birthplace,High School,Draft Year,Draft Team,Draft round,Drafted,Draft pick,forty_yd,bench_reps,broad_jump,shuttle,cone,vertical
aguialou01,P,,6.166666667,215,Livermore CA    ,Granada (CA),,  ,,0,,,,,,,
AlexHa20,P,,6.166666667,224,Pickens SC    ,Pickens (SC),1993,Atlanta Falcons,3,1,67,,,,,,
AlleDw00,TE;WR;P;RB,,6.333333333,260,Fayetteville NC    ,Terry Sanford (NC),2012,Indianapolis Colts,3,1,64,4.85,27,110,4.37,7.12,32
AlleMa20,P,,6.166666667,246,Montgomery AL    ,Calvary (AL),,  ,,0,,,,,,,
AlleRy01,P,,6.166666667,220,Salem OR    ,West Salem (OR),,  ,,0,,4.98,,,,,
andergar02,K;P,,5.916666667,193,Parys South Africa   ,Brettonwood (South Africa),1982,Buffalo Bills,7,1,171,,,,,,
AndrZe20,P;K,,6.166666667,210,Gunzburg Germany    ,Oakville-Trafalgar (Canada),1970,Dallas Cowboys,9,1,231,,,,,,
AngeBr00,P,Right,6.25,205,Camarillo CA    ,Camarillo (CA),2012,Jacksonville Jaguars,3,1,70,4.86,,,,,
AragLe20,P,,5.916666667,190,Pharr TX    ,Harlingen (TX),,  ,,0,,,,,,,
ArapEv20,P,,5.75,160,San Diego CA   ,Helix (CA),,  ,,0,,,,,,,
ArnoJi20,P,,6.166666667,215,Dalton GA    ,Dalton (GA),1983,Kansas City Chiefs,5,1,119,,,,,,
AsmuJi20,P,,6.166666667,195,Meppal Netherlands    ,La Puente (CA),,  ,,0,,,,,,,
BakeJa20,P,,6.166666667,205,Fort Wayne IN   ,Fort Wayne (IN),,  ,,0,,,,,,,
BakeJo21,P,,6.25,223,Beaumont TX    ,Brenham (TX),,  ,,0,,,,,,,
BarkBr20,P,,6.083333333,202,Jacksonville Beach FL   ,Miramonte (CA),,  ,,0,,,,,,,
BarnBr20,P,,6.166666667,188,Arnold MD    ,Broadneck (MD),,  ,,0,,,,,,,
BarnBr22,P,,5.916666667,215,Coshocton OH    ,Sanger (CA),1973,New England Patriots,12,1,290,,,,,,
BarnTo22,P,,6.166666667,228,Salisbury NC    ,South Rowan (NC),1986,Tampa Bay Buccaneers,9,1,223,,,,,,
BarrMi21,P,,6.25,230,Lynchburg VA    ,Brookville (VA),,  ,,0,,,,,,,
BartBr20,P,,6.166666667,220,Birmingham AL    ,Apopka (FL),1999,Miami Dolphins,6,1,192,,,,,,
BateMa20,P,,6.333333333,213,Salt Lake City UT  ,Highland (UT),1972,Dallas Cowboys,3,1,78,,,,,,
BennDa20,P,,6.416666667,235,Sydney Australia    ,Applecross (Australia),,  ,,0,,,,,,,
BergMi20,P,,6.333333333,228,Kamloops Canada    ,North Delta (Canada),1994,Philadelphia Eagles,6,1,193,,,,,,
BerrJo00,P,,6.416666667,195,Essendon Australia    ,Melbourne (Australia),,  ,,0,,,,,,,
BerrLo20,P,,6,193,Hattiesburg MS    ,A. Crawford Mosley (FL),,  ,,0,,,,,,,
BeveDa20,P,,6.166666667,180,Selma AL    ,Sweet Water (AL),,  ,,0,,,,,,,
BidwJo20,P,,6.25,230,Winston OR    ,Douglas (OR),1999,Green Bay Packers,4,1,133,,,,,,
BirdCa20,P,,6,192,Kaufman TX    ,Amarillo (TX),,  ,,0,,,,,,,
BlacMi20,P,,6.083333333,197,Glendale CA    ,Glendale (CA),1983,Detroit Lions,7,1,181,,,,,,
BlanTo20,P,,6,190,Grants Pass OR   ,Grants Pass (OR),1971,New York Giants,12,1,304,,,,,,
BoshMa00,P;K,,6,208,Jupiter FL    ,Jupiter (FL),2011,Atlanta Falcons,6,1,192,4.78,8,,,,
BowmBa20,P,,5.916666667,190,Port Arhur TX   ,Spring Hill (TX),,  ,,0,,,,,,,
BracDo20,P,,6.083333333,214,Coalinga CA    ,Hot Springs (WY),,  ,,0,,,,,,,
BricWi20,P,,6.333333333,227,Lancaster SC    ,Lancaster (SC),,  ,,0,,,,,,,
BrooDu20,P,,6.083333333,202,Macon GA    ,Tatnall Square Academy (GA),2008,Washington Redskins,6,1,168,5.2,,,,,
BrouSt20,P,,6,200,McComb MS    ,Notre Dame (MS),,  ,,0,,,,,,,
BrowKe23,P,,6.166666667,178,Panhandle TX    ,Panhandle (TX),,  ,,0,,,,,,,
BrunDa20,P,,6.083333333,235,Chicago IL    ,,,  ,,0,,,,,,,
BrunJo20,P,,6.166666667,190,Jeannette PA    ,Upper St. Clair (PA),1987,St. Louis Cardinals,5,1,126,,,,,,
BryaCh01,P,,6.416666667,210,Melbourne Australia    ,Parkdale Secondary Coll. (Australia),,  ,,0,,,,,,,
BufoMa20,P,,6.083333333,191,Mount Pleasant TX   ,Mount Pleasant (TX),1982,San Diego Chargers,8,1,215,,,,,,
BurkMi20,P,,5.833333333,188,Sacramento CA    ,Amador Valley (CA),,  ,,0,,,,,,,
ButlDr00,P,,6.083333333,199,Duluth GA    ,Peachtree Ridge (GA),,  ,,0,,5.04,,,,,
ButlSk20,K;P,,6.083333333,201,Gladewater TX    ,Gladewater (TX),1970,Green Bay Packers,4,1,96,,,,,,
CaliLo20,P,,6.25,249,Plantation FL    ,South Plantation (FL),,  ,,0,,,,,,,
camarric01,P,,5.916666667,202,Whittier CA    ,El Rancho (CA),,  ,,0,,,,,,,
CantBa20,P,,6.083333333,195,Margate FL    ,St. Thomas Aquinas (FL),,  ,,0,,,,,,,
CarrDu20,P,,5.833333333,185,Washington DC    ,Woodrow Wilson (DC),,  ,,0,,,,,,,
CateGr20,P,,6,191,La Grange GA   ,LaGrange (GA),1980,Buffalo Bills,10,1,259,,,,,,
ChapDa20,P,,6,184,Arcadia CA    ,Arcadia (CA),1969,San Francisco 49ers,10,1,250,,,,,,
CheeSt20,P,,6.333333333,205,Westfield NJ    ,Westfield (NJ),,  ,,0,,,,,,,
ClabNe20,P,,6.166666667,200,Miami Beach FL   ,Farragut (TN),1975,Minnesota Vikings,10,1,258,,,,,,
ClarKe21,P,,6.166666667,197,Southampton England    ,New Toronto (Canada),,  ,,0,,,,,,,
ClarLe20,P,,5.916666667,202,College Station TX   ,College Station (TX),,  ,,0,,,,,,,
ColbLe20,P,,5.916666667,182,Phenix City AL   ,Glenwood Academy (AL),1986,Kansas City Chiefs,8,1,196,,,,,,
ColeGr20,P,,6,185,Jacksonville FL    ,William M. Raines (FL),1976,Cincinnati Bengals,14,1,398,,,,,,
ColqBr00,P,,6.25,210,Knoxville TN    ,Bearden (TN),,  ,,0,,4.89,,,,,
ColqCr20,P,,6.083333333,182,Knoxville TN    ,South (TN),1978,Pittsburgh Steelers,3,1,76,,,,,,
ColqDu20,P,,6.25,210,Knoxville TN    ,Bearden (TN),2005,Kansas City Chiefs,3,1,99,4.88,,,,,
ColqJi20,P,,6.333333333,209,Knoxville TN    ,Doyle (TN),,  ,,0,,,,,,,
ConlT.00,P,,6.25,220,Tacoma WA    ,DeSales (WA),,  ,,0,,,,,,,
ConnMi20,P,,6.083333333,200,Sharon PA    ,Sharon (PA),1978,San Francisco 49ers,10,1,260,,,,,,
corrafra01,K;P,,6.166666667,224,Chihuahua Mexico    ,Norte Vista (CA),1978,Los Angeles Rams,3,1,78,,,,,,
CostBr20,P,,6,231,Moorestown NJ    ,Fairfield Prep (CT) Holy Cross (NJ),,  ,,0,,,,,,,
coxxxste01,P;K,,6.333333333,195,Shreveport LA    ,Charleston (AR),1981,Cleveland Browns,5,1,134,,,,,,
criswray01,P,,6,192,Lake City FL   ,Orange Park (FL),1986,Philadelphia Eagles,5,1,121,,,,,,
DarrMa00,P,,6.083333333,217,Bakersfield CA    ,Frontier (CA),,  ,,0,,,,,,,
deBrCa20,P,,6,176,The Hague Netherlands   ,Stonewall Jackson (VA),1982,Kansas City Chiefs,8,1,214,,,,,,
DiltBu20,P,,5.75,185,Corpus Christi TX   ,Dykes (GA),,  ,,0,,,,,,,
DixoRi00,P,,6.333333333,221,Oneida NY    ,Christian Brothers Academy (NY),2016,Denver Broncos,7,1,228,5.04,,,,,
DodgMa99,P,,6.166666667,220,Morehead City NC   ,West Carteret (NC),2010,New York Giants,7,1,221,,,,,,
DonaRy00,P,,6.25,190,Evergreen Park IL   ,St. Rita of Cascia (IL),,  ,,0,,4.9,,,,,
donneric01,P,,6,195,Miller Place NY   ,Miller Place (NY),,  ,,0,,,,,,,
DorsTr20,P;K,,6.5,227,Bozeman MT    ,Bozeman (MT),2002,Cincinnati Bengals,4,1,109,4.89,,,,,
DuncKe20,P,,6.166666667,210,Rock Island IL   ,Carpinteria (CA),1971,Minnesota Vikings,17,1,439,,,,,,
EdgeSh20,P,,5.916666667,174,Lake City FL   ,Columbia (FL),,  ,,0,,,,,,,
EdwaLa01,P,,6.333333333,209,Hastings Australia    ,Mornington Secondary (Australia),2016,New York Jets,7,1,235,,,,,,
EnglKe20,P,,6.25,220,Denver CO    ,Greeley West (CO),,  ,,0,,,,,,,
EnglRi20,P,,5.916666667,177,Tulsa OK    ,Central (OK),1976,Seattle Seahawks,3,1,89,,,,,,
ErnsPa20,K;P,,6,217,Phoenix AZ    ,Ironwood (AZ),,Denver Broncos,7,1,239,,,,,,
erxlerus01,P,,6.333333333,223,Seguin TX    ,Seguin (TX),,New Orleans Saints,1,1,11,,,,,,
EvanJo21,P;QB,,6.083333333,197,High Point NC   ,T. Wingate Andrews (NC),,Cleveland Browns,2,1,39,,,,,,
FagaJu20,P,,6.25,205,Laurel MS    ,R.H. Watkins (MS),,Houston Oilers,17,1,430,,,,,,
FeagJe20,P,,6.083333333,215,Anaheim CA    ,Gerard Catholic (AZ),,  ,,0,,,,,,,
FielBr20,P,,6.416666667,249,Southfield MI    ,St. John's (OH),,Miami Dolphins,7,1,225,5.26,,,,,
FiliFi20,P,,6.166666667,216,Belgrade Yugoslavia    ,Howland (OH),,  ,,0,,,,,,,
FinzDa20,P,,6.083333333,195,Chicago IL    ,Loyola Academy (IL),,  ,,0,,,,,,,
FlinRy20,P,,6.416666667,205,Fort Myers FL   ,Lehigh (FL),,  ,,0,,,,,,,
FrosDe20,P,,6.333333333,208,St. Louis MO   ,Clayton (MO),,  ,,0,,,,,,,
FulhSc20,P,,5.916666667,191,Beloit KS    ,Beloit (KS),,  ,,0,,,,,,,
GallNi20,P,,6.333333333,245,Manchester IA    ,East Buchanon (AL),,  ,,0,,,,,,,
GamaVi20,P,,5.916666667,174,Los Angeles CA   ,Venice (CA),,  ,,0,,,,,,,
GantGr20,P,,5.916666667,188,Birmingham AL    ,Woodlawn (AL),,New York Jets,8,1,187,,,,,,
GarcFr20,P,,6,205,Tucson AZ    ,Salpointe Catholic (AZ),,  ,,0,,,,,,,
GardCh20,P,,6.083333333,192,Stone Mountain GA   ,Redan (GA),,Chicago Bears,3,1,78,,,,,,
GarrMi20,P,,6.083333333,184,Atlanta GA    ,Haralson Co. (GA),,  ,,0,,,,,,,
GayxJo00,P;K,,6,200,Danville KY    ,Danville (KY),,  ,,0,,,,,,,
georgmat01,P;K,,5.916666667,190,Santa Clarita CA   ,Canyon (CA),,  ,,0,,,,,,,
GiacRa20,P,,6.083333333,190,Passaic NJ    ,Saddle Brook (NJ),,Atlanta Falcons,10,1,268,,,,,,
GoodJo22,P,,6.25,204,Houston TX    ,Spring Woods (TX),,Pittsburgh Steelers,8,1,209,,,,,,
GoodKe20,P,,6.166666667,195,Cherokee IA    ,Eastwood (IA),,  ,,0,,,,,,,
GoreSt20,P,,6,200,Jonesboro AR    ,Palestine (AR),,  ,,0,,,,,,,
GossJe20,P,,6.166666667,200,Charleston IL    ,Charleston (IL),,  ,,0,,,,,,,
gowintob01,P,,5.833333333,167,Jacksonville TX    ,Jacksonville (TX),,  ,,0,,,,,,,
GrahBe20,P,,6.416666667,236,Geelong Australia    ,Newcombe Sec. Coll. (Australia),,  ,,0,,,,,,,
GreeDa20,P;K,,5.916666667,206,Mason City IA   ,Athens (OH),,Cincinnati Bengals,17,1,418,,,,,,
GrifRu20,P,,5.916666667,175,Salt Lake City UT  ,Judge Memorial (UT),,  ,,0,,,,,,,
GrooAn20,P,,6,196,Columbus OH    ,Bishop Hartley (OH),,  ,,0,,4.63,,,,,
GrupBo20,P,,5.916666667,193,Philadelphia PA    ,Neshaminy (PA),,New York Jets,7,1,171,,,,,,
GuyxRa20,P,,6.25,195,Swainsboro GA    ,Thomson (GA),,Oakland Raiders,1,1,23,,,,,,
HaacMa00,P;WR,,6,205,     ,Dowling (IA),,  ,,0,,,,,,,
HansBr20,P,,6.333333333,215,Hawarden IA    ,West Sioux (IA),,New Orleans Saints,9,1,237,,,,,,
HansCh20,P,,6.166666667,202,Senoia GA    ,East Coweta (GA),,  ,,0,,,,,,,
HareEd20,P,,6.333333333,209,Ulysses KS    ,Kilgore (TX),,New England Patriots,4,1,106,,,,,,
HarrNi20,P,,6.166666667,218,Phoenix AZ    ,Westview (AZ),,Denver Broncos,4,1,120,,,,,,
HartBr01,P,,6.166666667,226,Menomonee Falls WI   ,Menomonee Falls (WI),,  ,,0,,,,,,,
HartKe20,P,,6.166666667,200,Hamilton Bermuda    ,King Phillip Regional (MA),,  ,,0,,,,,,,
HatcDa20,P,,6.166666667,209,Cheraw SC    ,Cheraw (SC),,Los Angeles Rams,3,1,77,,,,,,
HayeJe20,P,,5.916666667,175,Elkin NC    ,Elkin (NC),,  ,,0,,,,,,,
HekkJo00,P,,6.416666667,241,Bothell WA    ,Bothell (WA),,  ,,0,,,,,,,
HeltBa20,P,,6.25,205,Colorado Springs CO   ,Simia (CO),,San Francisco 49ers,4,1,102,,,,,,
HenrCh02,P,,6.25,220,Dallas GA    ,East Paulding (GA),,  ,,0,,4.85,,,,,
hentrcra01,P,,6.25,213,Alton IL    ,Marquette (IL),,New York Jets,8,1,200,,,,,,
HerlAl20,K;P,,6,168,Monroe LA    ,Marist (GA),,  ,,0,,,,,,,
HodgRe20,P,,6,220,Champaign IL    ,Centennial (IL),,St. Louis Rams,6,1,210,4.88,,,,,
HoopMi20,P,,6.083333333,207,Bisbee AZ    ,Bisbee (AZ),,Dallas Cowboys,8,1,200,,,,,,
HoraMi20,P,,5.916666667,192,Orange CA    ,Sunny Hills (CA),,Atlanta Falcons,9,1,235,,,,,,
HornGr20,P,,6,188,Russellville AR    ,Russellville (AR),,Cincinnati Bengals,5,1,139,,,,,,
HowaEd20,P,,6.083333333,203,Covina CA    ,West Covina (CA),,  ,,0,,,,,,,
HubaMi20,P,,5.833333333,185,Cleveland OH    ,West Tech (OH),,New England Patriots,11,1,293,,,,,,
HubeKe20,P;K;WR,,6.083333333,210,Cincinnati OH    ,McNicholas (OH),,Cincinnati Bengals,5,1,142,4.87,,,,,
HuttTo20,P;K,,6.083333333,193,Memphis TN    ,Memphis University (TN),,  ,,0,,,,,,,
IlesHa20,P,,6.083333333,210,Edmonton Canada    ,St. Joseph's (Canada),,  ,,0,,,,,,,
JackRu20,P,,6.166666667,193,Tuscaloosa AL    ,Washington County (AL),,  ,,0,,,,,,,
JameJo20,P,,6.25,197,Panama City FL   ,Gainesville (FL),,  ,,0,,,,,,,
janikseb01,K;P,,6.083333333,260,Walbrzych Poland    ,Seabreeze (FL),,Oakland Raiders,1,1,17,,,,,,
JarrCr20,P,,6.166666667,215,Martinsville IN    ,Martinsville (IN),,Seattle Seahawks,6,1,194,,,,,,
JennDa20,P,,6.333333333,203,New York NY   ,Garden City (NY),,  ,,0,,,,,,,
JettJo21,P,,6,197,Richmond VA    ,Northumberland (VA),,  ,,0,,,,,,,
JohnBi21,P,,6.166666667,208,Tuscaloosa AL    ,Greene Co. (AL),,  ,,0,,,,,,,
JohnDi20,P,,6,210,Hoxie KS    ,Montrose (CO),,  ,,0,,,,,,,
JohnEd22,P,,6.25,236,Newport Beach CA   ,Newport Harbor (CA),,Minnesota Vikings,6,1,180,5.17,,,,,
johnslee01,P,,6.166666667,200,Dallas TX    ,McCullough (TX),,Houston Oilers,5,1,138,,,,,,
JoneCh02,P;C,,6,205,Rome GA    ,Coosa (GA),,  ,,0,,,,,,,
JoneDo21,P,,6.166666667,221,Baton Rouge LA   ,Catholic (LA),,Seattle Seahawks,7,1,224,4.88,,,,,
JoneSp20,P,,6.166666667,197,Louisville GA    ,Louisville Academy (GA),,Houston Oilers,4,1,92,,,,,,
JoycTe20,P;TE,,6.5,230,Kirksville MO    ,Knox County (MO),,  ,,0,,,,,,,
KapiJe20,P,,6.083333333,235,West Point NY   ,West Springfield (VA),,  ,,0,,,,,,,
KaseDr00,P,,6.166666667,206,Toldeo OH    ,Walsh Jesuit (OH),,San Diego Chargers,6,1,179,4.95,,,,,
KeitGa00,QB;P,,6.25,210,Alvin TX    ,Alvin (TX),,St. Louis Cardinals,2,1,45,,,,,,
KernBr20,P,,6.166666667,214,Grand Island NY   ,Grand Island (NY),,  ,,0,,,,,,,
KersMe20,P;RB,,6.083333333,205,Alexandria VA    ,West Chester Henderson (PA),,  ,,0,,,,,,,
KiddJo20,P,,6.25,210,Springfield IL    ,Findlay (OH),,Buffalo Bills,5,1,128,,,,,,
KingMa00,P,,6,195,Macon GA    ,Rutland (GA),,  ,,0,,,,,,,
KinzMa20,P,,6.25,225,Indianapolis IN    ,Norwell (IN),,  ,,0,,,,,,,
KluwCh20,P,,6.333333333,210,Philadelphia PA    ,Los Alamitos (CA),,  ,,0,,,,,,,
knorrmic01,P,,6.166666667,199,Orange CA    ,Orange (CA),,  ,,0,,,,,,,
KochSa20,P,,6.083333333,222,York NE    ,Seward (NE),,Baltimore Ravens,6,1,203,,,,,,
koenemic01,P,,5.916666667,198,Ferndale WA    ,Ferndale (WA),,  ,,0,,,,,,,
LaFlBi20,P,,6,204,Superior NE    ,Norfolk Catholic (NE),,  ,,0,,,,,,,
LandSe20,P,,6,215,Baltimore MD    ,Loch Raven (MD),,  ,,0,,,,,,,
LannSp00,P,,5.916666667,200,Charlotte NC    ,York (SC),,  ,,0,,,,,,,
LarsKy20,P,,6.083333333,204,Kearney NE    ,Kearney (NE),,  ,,0,,4.86,,,,,
LechSh20,P,,6.166666667,230,Sealy TX    ,East Bernard (TX),,Oakland Raiders,5,1,142,,,,,,
LeexAn20,P,,6.083333333,185,Westminster SC    ,West-Oak (SC),,San Francisco 49ers,6,1,188,5,,,,,
LewiDa22,QB;P,,6.166666667,216,Clovis CA    ,Clovis (CA),,New York Giants,5,1,109,,,,,,
littlste01,K;P,,6,180,Springfield IL    ,Shawnee Mission South (KS),,St. Louis Cardinals,1,1,15,,,,,,
LockJe00,P,,6,195,Frankfurt Germany    ,Mountain Ridge (AZ),,Minnesota Vikings,5,1,155,4.82,,,,,
MaloRo00,P,,6.166666667,215,Orange CA    ,Martin Luther King (CA),,  ,,0,,4.84,19,,,,
MartSa01,P,,6.083333333,211,Peachtree City GA   ,Starr's Mill (GA),,Detroit Lions,5,1,165,,,,,,
MastTi99,P,,6.166666667,198,Pittsburgh PA    ,Murray (KY),,  ,,0,,4.8,8,,,,
MaynBr20,P,,6.083333333,188,Tipton IN    ,Marlon-Adams (IN),,New York Giants,3,1,95,,,,,,
McAfPa44,K;P,,6.083333333,233,Plum PA    ,Plum (PA),,Indianapolis Colts,7,1,222,,,,,,
McBrMa20,P,,6,223,Melbourne Australia    ,Brighton Grammar (Australia),,  ,,0,,5.07,,,,,
McCaJi21,P,,6.166666667,163,Phoenix AZ    ,North (AZ),,San Francisco 49ers,8,1,205,,,,,,
McCaSh20,P,,6.5,227,Fremont OH    ,Ross (OH),,Atlanta Falcons,12,1,305,,,,,,
McGeRi01,P,,6.333333333,203,Garland TX    ,Garland (TX),,  ,,0,,,,,,,
McInPa00,WR;P,,6.5,210,Villa Park CA   ,Villa Park (CA),,Cincinnati Bengals,5,1,120,,,,,,
McJuPa20,P,,5.833333333,190,Chicago IL    ,Baker (LA),,  ,,0,,,,,,,
MelvDa20,P,,6,185,San Diego CA   ,El Capitan (CA),,  ,,0,,,,,,,
MeskZo99,P,,6.333333333,234,Timisoara Romania    ,Twinsburg (OH),,New England Patriots,5,1,150,4.79,16,,,,
MichMi21,P;K,,5.833333333,177,Ventura CA    ,Buena (CA),,Miami Dolphins,5,1,113,,,,,,
MillJi22,P,,5.916666667,183,Ripley MS    ,Ripley (MS),,San Francisco 49ers,3,1,65,,,,,,
MillJo25,P,,6.333333333,225,Queens NY    ,East Brunswick (NJ),,  ,,0,,,,,,,
MiskJo20,P,,6.416666667,207,Highland Park MI   ,Porterville (CA),,  ,,0,,,,,,,
MohrCh20,P,,6.416666667,215,Atlanta GA    ,Briarwood Academy (GA),,Tampa Bay Buccaneers,6,1,146,,,,,,
MojsRa20,P,,6.25,209,Salzgitter Lebenstadt Germany   ,Bridgman (MI),,San Diego Chargers,4,1,96,,,,,,
MontGr20,P,,6.333333333,215,Morristown NJ    ,Red Bank Regional (NJ),,Houston Oilers,3,1,72,,,,,,
MoorBr24,P,,6,174,Wichita KS    ,Sedgwick (KS),,  ,,0,,,,,,,
MoorDa21,P,,5.916666667,180,Baton Rouge LA   ,Belaire (LA),,  ,,0,,,,,,,
MorsTh00,P,,6.333333333,235,Pearland TX    ,Pearland (TX),,New Orleans Saints,5,1,164,4.83,19,,,,
MurpNi20,P;K,,5.916666667,188,St. Louis MO   ,Desert Mountain (AZ),,  ,,0,,4.74,,,,,
MurrPa01,K;P,,5.583333333,182,Mahwah NJ    ,Don Bosco Prep (NJ),,  ,,0,,,,,,,
NeilDa20,TE;P,,6.083333333,215,Great Falls MT   ,Great Falls (MT),,  ,,0,,,,,,,
NewsHa20,P,,6,192,Cheraw SC    ,Cheraw (SC),,Pittsburgh Steelers,8,1,214,,,,,,
NiesJo20,P,,6.166666667,199,Jersey City NJ   ,Ocean Twp. (NJ),,Buffalo Bills,6,1,154,,,,,,
NormCh20,P,,6.166666667,198,Albany GA    ,Dougherty (GA),,  ,,0,,,,,,,
NortBr00,P,,6.166666667,214,Brookfield WI    ,Brookfield Central (WI),,Carolina Panthers,6,1,207,4.78,,,,,
OConTo20,P,,6.083333333,190,Patchogue NY    ,Patchogue-Medford (NY),,  ,,0,,,,,,,
ODonPa00,P;WR,,6.333333333,212,Lake Worth FL   ,Palm Beach Central (FL),,Chicago Bears,6,1,191,4.64,23,120,,,30.5
oneilpat01,P,,6.083333333,200,Scott AFB IL   ,Red Land (PA),,New England Patriots,5,1,135,,,,,,
OrosTo20,P,,6.083333333,204,Painesville PA    ,Harding (OH),,  ,,0,,,,,,,
PakuGl00,P,,6.25,220,Pontiac MI    ,East (MI),,  ,,0,,4.96,,,,,
PalaMi00,P,,5.916666667,200,Margate FL    ,St. Thomas Aquinas (FL),,  ,,0,,,,,,,
ParkDa20,P,,6,185,Cabarrus County NC   ,Mount Pleasant (NC),,  ,,0,,,,,,,
ParkTo20,P,,6.166666667,225,Tupelo MS    ,Houston (MS),,  ,,0,,,,,,,
ParsBo00,TE;P,,6.333333333,234,Bethlehem PA    ,Pen Argyl (PA),,Chicago Bears,5,1,117,,,,,,
ParsCl20,P,,6.083333333,211,Kansas City MO   ,Grandview (MO),,New Orleans Saints,6,1,147,,,,,,
PartRi20,P,,6.083333333,175,Orange CA    ,Tustin (CA),,Green Bay Packers,8,1,208,,,,,,
PastDa00,QB;P,Right,6.166666667,208,San Francisco CA   ,Bellarmine Prep (CA),,Houston Oilers,1,1,3,,,,,,
PatrMi20,P,,6,209,Austin TX    ,Biloxi (MS),,  ,,0,,,,,,,
PaulSa20,P,,6,194,Fullerton CA    ,Whittier Christian (CA),,  ,,0,,4.98,,,,,
PiniBr00,P;WR,,6.416666667,240,Concord NC    ,Northwest Cabarrus? (NC),,San Francisco 49ers,5,1,165,5.18,,,,,
PlacRy20,P,,6.25,252,Colorado Springs CO   ,Fallbrook (CA),,Seattle Seahawks,7,1,239,5.2,,,,,
PlaySc20,P,,6.083333333,213,St. Augustine FL   ,St. Augustine (FL),,  ,,0,,,,,,,
PodlAd20,P,,5.916666667,202,Pittsford NY    ,Pittsford (NY),,Jacksonville Jaguars,4,1,101,4.54,,,,,
PopeDa20,P,,5.833333333,203,Alpharetta GA    ,Milton (GA),,  ,,0,,,,,,,
PoweSh00,P,,6.333333333,253,Rome GA    ,Darlington School (GA),,  ,,0,,5.06,,,,,
PresLu20,P,,6.333333333,235,Houston TX    ,Sharpstown (TX),,Denver Broncos,7,1,188,,,,,,
ProkJo21,P,,6.166666667,230,St. Paul MN   ,White Bear Lake (MN),,  ,,0,,,,,,,
QuigRy00,P;QB,,6.166666667,205,Roselle NJ    ,North Myrtle Beach (SC),,  ,,0,,,,,,,
RamsCh20,P,,6.166666667,191,Rock Hill SC   ,West (TN),,New England Patriots,6,1,141,,,,,,
RedfKa00,P,,6.083333333,205,Jamestown NC    ,Ragsdale (NC),,  ,,0,,,,,,,
RennBi20,P,,6,198,Quantico VA    ,Robert E. Lee (VA),,  ,,0,,,,,,,
RichKy20,P;K,,6.166666667,210,Farmington MO    ,Farmington (MO),,  ,,0,,,,,,,
RobeGe20,P,,6,181,Lynchburg VA    ,E.C. Glass (VA),,  ,,0,,,,,,,
RobeHa20,P,,6.083333333,180,Dallas TX    ,W.T. White (TX),,  ,,0,,,,,,,
RobyRe20,P,,6.25,249,Waterloo IA    ,Waterloo East (IA),,Miami Dolphins,6,1,167,,,,,,
RoccSa20,P,,6.416666667,265,Lakeside Australia    ,Lakeside Coll. (Australia),,  ,,0,,,,,,,
RodrRu20,P,,6.166666667,210,Visalia CA    ,Woodlake (CA),,Seattle Seahawks,5,1,131,,,,,,
rouentom01,P,,6.25,225,Hinsdale IL    ,Heritage (CO),,  ,,0,,,,,,,
RoyaMa20,P,,6.416666667,225,Hampton VA    ,Mathews (VA),,  ,,0,,,,,,,
RunaMa20,P,,6.083333333,189,Greenwood SC    ,Orangeburg-Wilkinson (SC),,Philadelphia Eagles,8,1,211,,,,,,
RyanJo21,P,,6,217,Saskatchewan Canada    ,Sheldon-Williams Coll. (Canada),,  ,,0,,,,,,,
SancRi00,P,,6,195,Chico CA    ,Hamilton (CA),,  ,,0,,,,,,,
SandB.20,P,,6.333333333,217,Cincinnati OH    ,Roger Bacon (OH),,Green Bay Packers,3,1,87,4.84,,,,,
SaueTo20,P,,5.833333333,215,Setauket NY    ,Ward Melville (NY),,Chicago Bears,2,1,56,,,,,,
SawyBu20,P,,6.083333333,201,Waxahachie TX    ,Waxahachie (TX),,  ,,0,,,,,,,
SaxoMi20,P,,6.25,205,Whittier CA    ,Arcadia (CA),,Detroit Lions,11,1,300,,,,,,
SchmCo00,P,,5.916666667,224,Bakersfield CA    ,Liberty (CA),,  ,,0,,,,,,,
SchuJa00,P,,5.833333333,210,Hamburg NY    ,Frontier (NY),,  ,,0,,,,,,,
ScifMi20,P,,6.166666667,215,Metairie LA    ,Destrehan (LA),,San Diego Chargers,5,1,149,4.91,,,,,
ScriBu20,P,,6,207,Lawrence KS    ,Lawrence (KS),,Green Bay Packers,11,1,299,,,,,,
SepuDa20,P,,6.25,229,Austin TX    ,Highland Park (TX),,Pittsburgh Steelers,4,1,112,4.62,,,,,
SklaTo20,P,,6,192,Bethel Park PA   ,Bethel Park (PA),,Cleveland Browns,2,1,46,,,,,,
SmigDa20,P,,5.916666667,180,Perth Amboy NJ   ,North Hunterdon (NJ),,  ,,0,,,,,,,
SmitHu21,P;K,,6.166666667,209,Sherman TX    ,Sherman (TX),,Indianapolis Colts,7,1,210,,,,,,
StacRa20,P,,5.916666667,185,Cleveland OH    ,Brecksville (OH),,Green Bay Packers,3,1,62,,,,,,
StanCh20,P,,6.25,205,Ore City TX   ,Ore City (TX),,  ,,0,,,,,,,
StarJo20,P,,6.25,185,Corpus Christi TX   ,Flour Bluff (TX),,  ,,0,,,,,,,
StarRo20,P,,6.25,203,Minneapolis MN    ,Pine River (MN) Air Force Academy Prep (CO),,Baltimore Colts,2,1,34,,,,,,
SteeLa20,P,,5.833333333,182,Santa Rosa CA   ,,,  ,,0,,,,,,,
StemKe20,P,,6.166666667,194,Green Bay WI   ,Preble (WI),,  ,,0,,,,,,,
stovemat01,K;P,,5.916666667,180,Dallas TX    ,Lake Highlands (TX),,New York Giants,12,1,329,,,,,,
StryDa20,P,,6,237,Vincennes IN    ,Lincoln (IN),,  ,,0,,,,,,,
SullKe20,P,,5.916666667,197,Plymouth IN    ,Northridge (IN),,  ,,0,,,,,,,
SummWi20,P,,6.333333333,220,Irvington NJ    ,Norland (FL),,Denver Broncos,15,1,418,,,,,,
SupeSt20,P,,5.916666667,204,Memphis TN    ,North Brunswick (NJ),,  ,,0,,,,,,,
SwidLa20,P,,6.166666667,195,Limestone ME    ,Du Bois (PA),,Denver Broncos,7,1,185,,,,,,
TallSt20,P,,6.416666667,220,Dallas TX    ,West (CA),,  ,,0,,,,,,,
TeltJo20,P,,6.166666667,212,Floresville TX    ,Tivy (TX),,Chicago Bears,9,1,249,,,,,,
ThomTo22,P,,5.833333333,192,Lompoc CA    ,Lompoc (CA),,  ,,0,,,,,,,
TupaTo20,QB;P,Right,6.333333333,225,Cleveland OH    ,Brecksville (OH),,Phoenix Cardinals,3,1,68,,,,,,
TurkMa20,P,,6.416666667,251,Milwaukee WI    ,Greenfield (WI),,  ,,0,,,,,,,
TuteRi20,P,,6.166666667,221,Perry FL    ,Forest (FL),,  ,,0,,,,,,,
TyneSc20,P,,6.083333333,189,Houston TX    ,Edgewood (TX),,  ,,0,,,,,,,
VogeJu00,P,,6.333333333,219,Tampa FL    ,Berkeley Prep (FL),,  ,,0,,4.7,,,,,34
WagnBr20,P,,6.166666667,200,Escondido CA    ,Hilltop (CA),,  ,,0,,,,,,,
WaitAl20,P,,6.166666667,208,Glasgow Scotland    ,Plano East (TX),,  ,,0,,,,,,,
WalkGl20,P,,6.083333333,210,Torrance CA    ,Gardena (CA),,  ,,0,,,,,,,
WalkRa21,P,,5.833333333,177,Shreveport LA    ,Bossier (LA),,Green Bay Packers,12,1,298,,,,,,
WalsSt00,QB;P,Right,6.25,207,St. Paul MN   ,Cretin-Derham Hall (MN),,Dallas Cowboys,1,1,1,,,,,,
WaltDa21,P,,6,200,Dighton KS    ,Grand Prairie (TX),,  ,,0,,,,,,,
WaltKe20,P,,6.083333333,207,Cleveland OH    ,Euclid (OH),,  ,,0,,,,,,,
WarrJo20,P,,6,207,Jesup GA    ,Wayne Co. (GA),,  ,,0,,,,,,,
WayxTr00,P,,6.083333333,220,Tulsa OK    ,Union (OK),,  ,,0,,,,,,,
WeatSt20,P;K,,6.166666667,210,Crown Point IN   ,Terre Haute (IN),,  ,,0,,4.82,,,,,
WeavHe20,P,,6.333333333,210,Villa Rica GA   ,Villa Rica (GA),,Detroit Lions,9,1,227,,,,,,
WeesNo00,QB;P,Right,6.083333333,195,Baton Rouge LA   ,Chalmette (LA),,Los Angeles Rams,4,1,99,,,,,,
WeilJa20,P,,5.916666667,175,Denver CO    ,Northglenn (CO),,  ,,0,,,,,,,
WestJe20,P;TE,,6.25,212,Ravenna OH    ,Ravenna (OH),,Cincinnati Bengals,5,1,122,,,,,,
WhitDa01,QB;P,Right,6.166666667,193,Mesa AZ    ,Westwood (AZ),,Dallas Cowboys,3,1,53,,,,,,
WhitJe20,K;P,,5.833333333,170,Bronxville NY    ,Bronxville (NY),,  ,,0,,,,,,,
WileMa01,P;K,,6.166666667,225,San Diego CA   ,Francis Parker (CA),,  ,,0,,,,,,,
WillRo23,P,,6,178,Decatur GA    ,Southwest DeKalb (GA),,St. Louis Rams,7,1,252,,,,,,
WilmKl20,P,,6.166666667,210,Mississauga Canada    ,Lorne Park Secondary School (Canada),,Tampa Bay Buccaneers,12,1,311,,,,,,
WingBr00,P,,6.166666667,205,Melbourne Australia    ,Parkview Baptist (LA),,  ,,0,,4.86,,,,,
WinsGe20,P,,6.333333333,205,Philadelphia PA    ,La Salle Prep (PA),,  ,,0,,,,,,,
WittTo20,P,,6.083333333,190,Berwyn IL    ,Round Lake (IL),,San Francisco 49ers,8,1,200,,,,,,
woodxmik01,K;P,,5.916666667,199,Kirkwood MO    ,Kirkwood (MO),,Minnesota Vikings,8,1,204,,,,,,
ZastDa20,P,,6.25,220,Bay Village OH   ,Bay Village (OH),,Baltimore Ravens,4,1,112,5.26,,,,,
