,,C,C,Q,Q,Q,Q,Q,Q,C,Q,Q,Q
player,year,team,pos_final,Age,NFL Exp,Years w pos,Pos change,Years w team,Team change,Head Coach,Years w coach,HC Change,Team SRS
aguialou01,1991,NYJ,P,25,0,0,1,0,1,Bruce Coslet,0,1,-2.4
aguialou01,1992,NYJ,P,26,1,1,0,1,0,Bruce Coslet,1,0,-6.9
aguialou01,1993,NYJ,P,27,2,2,0,2,0,Bruce Coslet,2,0,0.8
aguialou01,1994,KAN,P,28,3,3,0,0,1,Marty Schottenheimer,0,1,0.8
aguialou01,1995,KAN,P,29,4,4,0,1,0,Marty Schottenheimer,1,0,7.7
aguialou01,1996,KAN,P,30,5,5,0,2,0,Marty Schottenheimer,2,0,1.8
aguialou01,1997,KAN,P,31,6,6,0,3,0,Marty Schottenheimer,3,0,8.4
aguialou01,1998,KAN,P,32,7,7,0,4,0,Marty Schottenheimer,4,0,-3.1
aguialou01,1999,GNB,P,33,8,8,0,0,1,Ray Rhodes,0,1,1.6
aguialou01,2000,CHI,P,34,9,9,0,0,1,Dick Jauron,0,1,-6.3
AlexHa20,1993,ATL,P,22,0,0,1,0,1,Jerry Glanville,0,1,-4.4
AlexHa20,1994,ATL,P,23,1,1,0,1,0,June Jones,0,1,-4.3
AlleDw00,2012,IND,RB;TE,22,0,0,1,0,1,Chuck Pagano,0,1,-4.7
AlleDw00,2013,IND,TE,23,1,0,1,1,0,Chuck Pagano,1,0,4
AlleDw00,2014,IND,RB;TE,24,2,0,1,2,0,Chuck Pagano,2,0,4.4
AlleDw00,2015,IND,TE,25,3,0,1,3,0,Chuck Pagano,3,0,-6.7
AlleDw00,2016,IND,RB;TE,26,4,0,1,4,0,Chuck Pagano,4,0,0.4
AlleDw00,2017,NWE,P;TE,27,5,0,1,0,1,Bill Belichick,0,1,8.9
AlleDw00,2018,NWE,TE;WR,28,6,0,1,1,0,Bill Belichick,1,0,5.2
AlleMa20,2002,NYG,P,24,0,0,1,0,1,Jim Fassel,0,1,0.8
AlleRy01,2013,NWE,P,23,0,0,1,0,1,Bill Belichick,0,1,5.9
AlleRy01,2014,NWE,P,24,1,1,0,1,0,Bill Belichick,1,0,11
AlleRy01,2015,NWE,P,25,2,2,0,2,0,Bill Belichick,2,0,7
AlleRy01,2016,NWE,P,26,3,3,0,3,0,Bill Belichick,3,0,9.3
AlleRy01,2017,NWE,P,27,4,4,0,4,0,Bill Belichick,4,0,8.9
AlleRy01,2018,NWE,P,28,5,5,0,5,0,Bill Belichick,5,0,5.2
andergar02,1982,PIT,K,23,0,0,1,0,1,Chuck Noll,0,1,5.2
andergar02,1983,PIT,K,24,1,1,0,1,0,Chuck Noll,1,0,-0.1
andergar02,1984,PIT,K,25,2,2,0,2,0,Chuck Noll,2,0,3.3
andergar02,1985,PIT,K,26,3,3,0,3,0,Chuck Noll,3,0,-0.5
andergar02,1986,PIT,K,27,4,4,0,4,0,Chuck Noll,4,0,-1
andergar02,1987,PIT,K,28,5,5,0,5,0,Chuck Noll,5,0,0.7
andergar02,1988,PIT,K,29,6,6,0,6,0,Chuck Noll,6,0,-5.4
andergar02,1989,PIT,K,30,7,7,0,7,0,Chuck Noll,7,0,-3.7
andergar02,1990,PIT,K,31,8,8,0,8,0,Chuck Noll,8,0,1.6
andergar02,1991,PIT,K,32,9,9,0,9,0,Chuck Noll,9,0,-3
andergar02,1992,PIT,K,33,10,10,0,10,0,Bill Cowher,0,1,3.6
andergar02,1993,PIT,K,34,11,11,0,11,0,Bill Cowher,1,0,1.6
andergar02,1994,PIT,K,35,12,12,0,12,0,Bill Cowher,2,0,4.8
andergar02,1995,PHI,K,36,13,13,0,0,1,Ray Rhodes,0,1,-1.7
andergar02,1996,PHI,K,37,14,14,0,1,0,Ray Rhodes,1,0,0.5
andergar02,1997,SFO,K,38,15,15,0,0,1,Steve Mariucci,0,1,5.1
andergar02,1998,MIN,K,39,16,16,0,0,1,Dennis Green,0,1,14.8
andergar02,1999,MIN,K,40,17,17,0,1,0,Dennis Green,1,0,4.4
andergar02,2000,MIN,K;P,41,18,0,1,2,0,Dennis Green,2,0,2
andergar02,2001,MIN,K,42,19,0,1,3,0,Dennis Green;Mike Tice,0,1,-4.7
andergar02,2002,MIN,K,43,20,1,0,4,0,Mike Tice,0,1,-3
andergar02,2003,TEN,K,44,21,2,0,0,1,Jeff Fisher,0,1,6.5
andergar02,2004,TEN,K,45,22,3,0,1,0,Jeff Fisher,1,0,-4.3
AndrZe20,1978,KAN,P,30,0,0,1,0,1,Marv Levy,0,1,-4.4
AngeBr00,2012,JAX,P,23,0,0,1,0,1,Mike Mularkey,0,1,-13
AngeBr00,2013,JAX,P,24,1,1,0,1,0,Gus Bradley,0,1,-11.1
AngeBr00,2014,JAX,P,25,2,2,0,2,0,Gus Bradley,1,0,-10.5
AngeBr00,2015,JAX,P,26,3,3,0,3,0,Gus Bradley,2,0,-7.6
AngeBr00,2016,TAM,P,27,4,4,0,0,1,Dirk Koetter,0,1,-0.2
AngeBr00,2017,TAM,P,28,5,5,0,1,0,Dirk Koetter,1,0,-1.3
AngeBr00,2018,TAM,P,29,6,6,0,2,0,Dirk Koetter,2,0,-2.6
AragLe20,1996,OAK,P,26,0,0,1,0,1,Mike White,0,1,2.4
AragLe20,1997,OAK,P,27,1,1,0,1,0,Joe Bugel,0,1,-5.1
AragLe20,1998,OAK,P,28,2,2,0,2,0,Jon Gruden,0,1,-5.6
AragLe20,1999,OAK,P,29,3,3,0,3,0,Jon Gruden,1,0,6.7
AragLe20,2001,DET,P,31,4,4,0,0,1,Marty Mornhinweg,0,1,-7.2
AragLe20,2003,MIN,P,33,5,5,0,0,1,Mike Tice,0,1,2.9
AragLe20,2005,SEA,P,35,6,6,0,0,1,Mike Holmgren,0,1,9.2
ArapEv20,1986,STL,P,22,0,0,1,0,1,Gene Stallings,0,1,-8.1
ArnoJi20,1983,KAN,P,22,0,0,1,0,1,John Mackovic,0,1,2
ArnoJi20,1984,KAN,P,23,1,1,0,1,0,John Mackovic,1,0,0.8
ArnoJi20,1985,KAN,P,24,2,2,0,2,0,John Mackovic,2,0,-1.6
ArnoJi20,1986,DET,P,25,3,3,0,0,1,Darryl Rogers,0,1,-4.3
ArnoJi20,1987,DET,P,26,4,4,0,1,0,Darryl Rogers,1,0,-9.9
ArnoJi20,1988,DET,P,27,5,5,0,2,0,Darryl Rogers;Wayne Fontes,0,1,-4
ArnoJi20,1989,DET,P,28,6,6,0,3,0,Wayne Fontes,0,1,-3.5
ArnoJi20,1990,DET,P,29,7,7,0,4,0,Wayne Fontes,1,0,-1.7
ArnoJi20,1991,DET,P,30,8,8,0,5,0,Wayne Fontes,2,0,0.9
ArnoJi20,1992,DET,P,31,9,9,0,6,0,Wayne Fontes,3,0,-1.8
ArnoJi20,1993,DET,P,32,10,10,0,7,0,Wayne Fontes,4,0,-0.3
ArnoJi20,1994,MIA,P,33,11,11,0,0,1,Don Shula,0,1,4.2
AsmuJi20,1987,SFO,P,28,0,0,1,0,1,Bill Walsh,0,1,13.3
BakeJa20,2001,SFO,P,23,0,0,1,0,1,Steve Mariucci,0,1,6.9
BakeJa20,2002,SFO;PHI,P,24,1,1,0,0,1,Steve Mariucci;Andy Reid,0,1,1.784615385
BakeJa20,2003,KAN,P,25,2,2,0,0,1,Dick Vermeil,0,1,8.3
BakeJa20,2004,KAN;IND;DEN,P,26,3,3,0,0,1,Dick Vermeil;Tony Dungy;Mike Shanahan,0,1,7.98
BakeJa20,2005,CAR,P,27,4,4,0,0,1,John Fox,0,1,5.1
BakeJa20,2006,CAR,P,28,5,5,0,1,0,John Fox,1,0,-2.7
BakeJa20,2007,CAR,P,29,6,6,0,2,0,John Fox,2,0,-5.8
BakeJa20,2008,CAR,P,30,7,7,0,3,0,John Fox,3,0,5.7
BakeJa20,2009,CAR,P,31,8,8,0,4,0,John Fox,4,0,3.9
BakeJa20,2010,CAR,P,32,9,9,0,5,0,John Fox,5,0,-13.2
BakeJa20,2011,CAR,P,33,10,10,0,6,0,Ron Rivera,0,1,-1.3
BakeJo21,2000,STL,P,23,0,0,1,0,1,Mike Martz,0,1,3.1
BakeJo21,2001,STL,P,24,1,1,0,1,0,Mike Martz,1,0,13.3
BarkBr20,1990,KAN,P,26,0,0,1,0,1,Marty Schottenheimer,0,1,6.8
BarkBr20,1991,KAN,P,27,1,1,0,1,0,Marty Schottenheimer,1,0,6.3
BarkBr20,1992,KAN,P,28,2,2,0,2,0,Marty Schottenheimer,2,0,3.5
BarkBr20,1993,KAN,P,29,3,3,0,3,0,Marty Schottenheimer,3,0,2.9
BarkBr20,1994,PHI,P,30,4,4,0,0,1,Rich Kotite,0,1,0.6
BarkBr20,1995,JAX,P,31,5,5,0,0,1,Tom Coughlin,0,1,-8.1
BarkBr20,1996,JAX,P,32,6,6,0,1,0,Tom Coughlin,1,0,-1.5
BarkBr20,1997,JAX,P,33,7,7,0,2,0,Tom Coughlin,2,0,5.4
BarkBr20,1998,JAX,P,34,8,8,0,3,0,Tom Coughlin,3,0,2.5
BarkBr20,1999,JAX,P,35,9,9,0,4,0,Tom Coughlin,4,0,6.4
BarkBr20,2000,JAX,P,36,10,10,0,5,0,Tom Coughlin,5,0,1.1
BarkBr20,2001,WAS,P,37,11,11,0,0,1,Marty Schottenheimer,0,1,-3.6
BarkBr20,2002,WAS,P,38,12,12,0,1,0,Steve Spurrier,0,1,-4.4
BarkBr20,2003,WAS,P,39,13,13,0,2,0,Steve Spurrier,1,0,-5.7
BarkBr20,2004,GNB,P,40,14,14,0,0,1,Mike Sherman,0,1,0.3
BarkBr20,2005,STL,P,41,15,15,0,0,1,Joe Vitt;Mike Martz,0,1,-5.1
BarnBr20,2003,NWE,P,23,0,0,1,0,1,Bill Belichick,0,1,7
BarnBr22,1973,NWE,P,22,0,0,1,0,1,Chuck Fairbanks,0,1,-6
BarnBr22,1974,NWE,P,23,1,1,0,1,0,Chuck Fairbanks,1,0,4.8
BarnTo22,1987,NOR;CHI,P,24,0,0,1,0,1,Jim Mora;Mike Ditka,0,1,7.58
BarnTo22,1988,WAS,P,25,1,1,0,0,1,Joe Gibbs,0,1,-2.2
BarnTo22,1989,NOR,P,26,2,2,0,0,1,Jim Mora,0,1,4.5
BarnTo22,1990,NOR,P,27,3,3,0,1,0,Jim Mora,1,0,-1.3
BarnTo22,1991,NOR,P,28,4,4,0,2,0,Jim Mora,2,0,9.1
BarnTo22,1992,NOR,P,29,5,5,0,3,0,Jim Mora,3,0,7.8
BarnTo22,1993,NOR,P,30,6,6,0,4,0,Jim Mora,4,0,-1.4
BarnTo22,1994,NOR,P,31,7,7,0,5,0,Jim Mora,5,0,-3.6
BarnTo22,1995,CAR,P,32,8,8,0,0,1,Dom Capers,0,1,-3.8
BarnTo22,1996,TAM,P,33,9,9,0,0,1,Tony Dungy,0,1,-3
BarnTo22,1997,TAM,P,34,10,10,0,1,0,Tony Dungy,1,0,2.7
BarnTo22,1998,TAM,P,35,11,11,0,2,0,Tony Dungy,2,0,1.2
BarnTo22,1999,NOR,P,36,12,12,0,0,1,Mike Ditka,0,1,-12.2
BarnTo22,2000,WAS,P,37,13,13,0,0,1,Norv Turner;Terry Robiskie,0,1,0.9
BarrMi21,2007,ARI,P,28,0,0,1,0,1,Ken Whisenhunt,0,1,-4
BartBr20,1999,MIA,P,22,0,0,1,0,1,Jimmy Johnson,0,1,1.9
BartBr20,2000,CHI,P,23,1,1,0,0,1,Dick Jauron,0,1,-6.3
BateMa20,1972,DAL,P,22,0,0,1,0,1,Tom Landry,0,1,6.1
BateMa20,1973,DAL,P,23,1,1,0,1,0,Tom Landry,1,0,12.8
BateMa20,1974,DAL;BUF,P,24,2,2,0,0,1,Tom Landry;Lou Saban,0,1,3.9
BateMa20,1975,BUF,P,25,3,3,0,0,1,Lou Saban,0,1,7
BateMa20,1976,BUF,P,26,4,4,0,1,0,Lou Saban;Jim Ringo,0,1,-9.2
BateMa20,1977,BUF,P,27,5,5,0,2,0,Jim Ringo,0,1,-8
BennDa20,1995,SDG,P,30,0,0,1,0,1,Bobby Ross,0,1,1.5
BennDa20,1996,SDG,P,31,1,1,0,1,0,Bobby Ross,1,0,-1.7
BennDa20,1997,SDG,P,32,2,2,0,2,0,Kevin Gilbride,0,1,-8.9
BennDa20,1998,SDG,P,33,3,3,0,3,0,June Jones;Kevin Gilbride,0,1,-8.4
BennDa20,1999,SDG,P,34,4,4,0,4,0,Mike Riley,0,1,-1
BennDa20,2000,SDG,P,35,5,5,0,5,0,Mike Riley,1,0,-8.1
BennDa20,2001,SDG,P,36,6,6,0,6,0,Mike Riley,2,0,-0.3
BennDa20,2002,SDG,P,37,7,7,0,7,0,Marty Schottenheimer,0,1,-0.8
BennDa20,2003,SDG,P,38,8,8,0,8,0,Marty Schottenheimer,1,0,-6.8
BennDa20,2004,MIN,P,39,9,9,0,0,1,Mike Tice,0,1,-1.7
BennDa20,2005,MIN,P,40,10,10,0,1,0,Mike Tice,1,0,-3.5
BergMi20,1994,PHI,P,22,0,0,1,0,1,Rich Kotite,0,1,0.6
BergMi20,1996,MIN,P,24,1,1,0,0,1,Dennis Green,0,1,-0.2
BergMi20,1997,MIN,P,25,2,2,0,1,0,Dennis Green,1,0,-0.1
BergMi20,1998,MIN,P,26,3,3,0,2,0,Dennis Green,2,0,14.8
BergMi20,1999,MIN,P,27,4,4,0,3,0,Dennis Green,3,0,4.4
BergMi20,2000,MIN,P,28,5,5,0,4,0,Dennis Green,4,0,2
BergMi20,2001,MIN,P,29,6,6,0,5,0,Dennis Green;Mike Tice,0,1,-4.7
BergMi20,2002,STL,P,30,7,7,0,0,1,Mike Martz,0,1,-3.4
BergMi20,2003,NOR,P,31,8,8,0,0,1,Jim Haslett,0,1,-0.3
BergMi20,2004,NOR,P,32,9,9,0,1,0,Jim Haslett,1,0,-5.5
BergMi20,2005,NOR,P,33,10,10,0,2,0,Jim Haslett,2,0,-11.1
BergMi20,2007,ARI,P,35,11,11,0,0,1,Ken Whisenhunt,0,1,-4
BergMi20,2008,PIT,P,36,12,12,0,0,1,Mike Tomlin,0,1,9.8
BergMi20,2009,DEN,P,37,13,13,0,0,1,Josh McDaniels,0,1,0.3
BerrJo00,2015,PIT,P,24,0,0,1,0,1,Mike Tomlin,0,1,8.7
BerrJo00,2016,PIT,P,25,1,1,0,1,0,Mike Tomlin,1,0,4.8
BerrJo00,2017,PIT,P,26,2,2,0,2,0,Mike Tomlin,2,0,5
BerrJo00,2018,PIT,P,27,3,3,0,3,0,Mike Tomlin,3,0,5.6
BerrLo20,1987,ATL,P,22,0,0,1,0,1,Marion Campbell,0,1,-13.8
BeveDa20,1974,HOU,P,24,0,0,1,0,1,Sid Gillman,0,1,-1.9
BeveDa20,1975,HOU;GNB,P,25,1,1,0,0,1,Bum Phillips;Bart Starr,0,1,-2.433333333
BeveDa20,1976,GNB,P,26,2,2,0,0,1,Bart Starr,0,1,-4.5
BeveDa20,1977,GNB,P,27,3,3,0,1,0,Bart Starr,1,0,-8.7
BeveDa20,1978,GNB,P,28,4,4,0,2,0,Bart Starr,2,0,-0.6
BeveDa20,1979,GNB,P,29,5,5,0,3,0,Bart Starr,3,0,-6.9
BeveDa20,1980,GNB,P,30,6,6,0,4,0,Bart Starr,4,0,-9
BidwJo20,2000,GNB,P,24,0,0,1,0,1,Mike Sherman,0,1,2.5
BidwJo20,2001,GNB,P,25,1,1,0,1,0,Mike Sherman,1,0,6.6
BidwJo20,2002,GNB,P,26,2,2,0,2,0,Mike Sherman,2,0,3.6
BidwJo20,2003,GNB,P,27,3,3,0,3,0,Mike Sherman,3,0,8.1
BidwJo20,2004,TAM,P,28,4,4,0,0,1,Jon Gruden,0,1,-2.7
BidwJo20,2005,TAM,P,29,5,5,0,1,0,Jon Gruden,1,0,-1
BidwJo20,2006,TAM,P,30,6,6,0,2,0,Jon Gruden,2,0,-8
BidwJo20,2007,TAM,P,31,7,7,0,3,0,Jon Gruden,3,0,1.3
BidwJo20,2008,TAM,P,32,8,8,0,4,0,Jon Gruden,4,0,2.3
BidwJo20,2009,,P,33,0,9,0,,,,,,
BidwJo20,2010,WAS,P,34,1,10,0,0,1,Mike Shanahan,0,1,-3.9
BirdCa20,1981,STL,P,22,0,0,1,0,1,Jim Hanifan,0,1,-4.7
BirdCa20,1982,STL,P,23,1,1,0,1,0,Jim Hanifan,1,0,-2.7
BirdCa20,1983,STL,P,24,2,2,0,2,0,Jim Hanifan,2,0,-1.1
BirdCa20,1984,STL,P,25,3,3,0,3,0,Jim Hanifan,3,0,5.3
BirdCa20,1985,STL,P,26,4,4,0,4,0,Jim Hanifan,4,0,-10.1
BlacMi20,1983,DET,P,22,0,0,1,0,1,Monte Clark,0,1,2.1
BlacMi20,1984,DET,P,23,1,1,0,1,0,Monte Clark,1,0,-6.3
BlacMi20,1985,DET,P,24,2,2,0,2,0,Darryl Rogers,0,1,-1.6
BlacMi20,1986,DET,P,25,3,3,0,3,0,Darryl Rogers,1,0,-4.3
BlacMi20,1987,DET,P,26,4,4,0,4,0,Darryl Rogers,2,0,-9.9
BlanTo20,1971,NYG,P,23,0,0,1,0,1,Alex Webster,0,1,-8
BlanTo20,1972,NYG,P,24,1,1,0,1,0,Alex Webster,1,0,5.9
BlanTo20,1973,NYG,P,25,2,2,0,2,0,Alex Webster,2,0,-7.5
BlanTo20,1974,NOR,P,26,3,3,0,0,1,John North,0,1,-7.4
BlanTo20,1975,NOR,P,27,4,4,0,1,0,John North;Ernie Hefferle,0,1,-14.1
BlanTo20,1976,NOR,P,28,5,5,0,2,0,Hank Stram,0,1,-6.1
BlanTo20,1977,NOR,P,29,6,6,0,3,0,Hank Stram,1,0,-9.1
BlanTo20,1978,NOR,P,30,7,7,0,4,0,Dick Nolan,0,1,-1.7
BlanTo20,1979,TAM,P,31,8,8,0,0,1,John McKay,0,1,-2.8
BlanTo20,1980,TAM,P,32,9,9,0,1,0,John McKay,1,0,-5.1
BlanTo20,1981,TAM,P,33,10,10,0,2,0,John McKay,2,0,3
BoshMa00,2011,ATL,K,23,0,0,1,0,1,Mike Smith,0,1,3.5
BoshMa00,2012,ATL,K;P,24,1,0,1,1,0,Mike Smith,1,0,6.5
BoshMa00,2013,ATL,P,25,2,0,1,2,0,Mike Smith,2,0,-2.7
BoshMa00,2014,ATL,P,26,3,1,0,3,0,Mike Smith,3,0,-3.8
BoshMa00,2015,ATL,P,27,4,2,0,4,0,Dan Quinn,0,1,-3.7
BoshMa00,2016,ATL,P,28,5,3,0,5,0,Dan Quinn,1,0,8.5
BoshMa00,2017,ATL,P,29,6,4,0,6,0,Dan Quinn,2,0,4.3
BoshMa00,2018,ATL,P,30,7,5,0,7,0,Dan Quinn,3,0,-0.1
BowmBa20,1987,SEA,P,22,0,0,1,0,1,Chuck Knox,0,1,2
BracDo20,1985,GNB,P,23,0,0,1,0,1,Forrest Gregg,0,1,0.2
BracDo20,1986,GNB,P,24,1,1,0,1,0,Forrest Gregg,1,0,-9.6
BracDo20,1987,GNB,P,25,2,2,0,2,0,Forrest Gregg,2,0,-3.4
BracDo20,1988,GNB,P,26,3,3,0,3,0,Lindy Infante,0,1,-3.3
BracDo20,1989,GNB,P,27,4,4,0,4,0,Lindy Infante,1,0,-1
BracDo20,1990,GNB,P,28,5,5,0,5,0,Lindy Infante,2,0,-4.1
BracDo20,1992,RAM,P,30,6,6,0,0,1,Chuck Knox,0,1,-2.9
BracDo20,1993,RAM,P,31,7,7,0,1,0,Chuck Knox,1,0,-8.4
BricWi20,1997,STL,P,22,0,0,1,0,1,Dick Vermeil,0,1,-4
BricWi20,1999,CIN,P,24,1,1,0,0,1,Bruce Coslet,0,1,-11.5
BrooDu20,2008,WAS,P,23,0,0,1,0,1,Jim Zorn,0,1,-1.7
BrouSt20,1975,GNB,P,28,0,0,1,0,1,Bart Starr,0,1,-4.2
BrowKe23,1987,CHI,P,24,0,0,1,0,1,Mike Ditka,0,1,3.8
BrunDa20,1987,MIN,P,24,0,0,1,0,1,Jerry Burns,0,1,-2.6
BrunJo20,1987,PIT,P,22,0,0,1,0,1,Chuck Noll,0,1,0.7
BryaCh01,2010,TAM,P,28,0,0,1,0,1,Raheem Morris,0,1,-0.6
BufoMa20,1982,SDG,P,22,0,0,1,0,1,Don Coryell,0,1,5.3
BufoMa20,1983,SDG,P,23,1,1,0,1,0,Don Coryell,1,0,-4.6
BufoMa20,1984,SDG,P,24,2,2,0,2,0,Don Coryell,2,0,0.8
BufoMa20,1985,CHI,P,25,3,3,0,0,1,Mike Ditka,0,1,15.9
BufoMa20,1986,CHI,P,26,4,4,0,1,0,Mike Ditka,1,0,7.6
BufoMa20,1988,NYG,P,28,5,5,0,0,1,Bill Parcells,0,1,2.2
BufoMa20,1989,CHI,P,29,6,6,0,0,1,Mike Ditka,0,1,0
BufoMa20,1990,CHI,P,30,7,7,0,1,0,Mike Ditka,1,0,3.4
BufoMa20,1991,CHI,P,31,8,8,0,2,0,Mike Ditka,2,0,0.8
BurkMi20,1974,RAM,P,24,0,0,1,0,1,Chuck Knox,0,1,3.9
ButlDr00,2012,PIT,P,23,0,0,1,0,1,Mike Tomlin,0,1,-0.7
ButlDr00,2014,ARI,P,25,1,1,0,0,1,Bruce Arians,0,1,2
ButlDr00,2015,ARI,P,26,2,2,0,1,0,Bruce Arians,1,0,12.4
ButlDr00,2016,ARI,P,27,3,3,0,2,0,Bruce Arians,2,0,1.6
ButlSk20,1971,NYG;NOR,K,23,0,0,1,0,1,Alex Webster;J.D. Roberts,0,1,-4.466666667
ButlSk20,1972,HOU,K,24,1,1,0,0,1,Bill Peterson,0,1,-13
ButlSk20,1973,HOU,K;P,25,2,0,1,1,0,Sid Gillman;Bill Peterson,0,1,-16.8
ButlSk20,1974,HOU,K,26,3,0,1,2,0,Sid Gillman,0,1,-1.9
ButlSk20,1975,HOU,K,27,4,1,0,3,0,Bum Phillips,0,1,6.4
ButlSk20,1976,HOU,K,28,5,2,0,4,0,Bum Phillips,1,0,-1.7
ButlSk20,1977,HOU,K,29,6,3,0,5,0,Bum Phillips,2,0,6.7
CaliLo20,1997,PHI,P,24,0,0,1,0,1,Ray Rhodes,0,1,-3
camarric01,1981,NWE,P,21,0,0,1,0,1,Ron Erhardt,0,1,-3.7
camarric01,1982,NWE,P,22,1,1,0,1,0,Ron Meyer,0,1,-2.4
camarric01,1983,NWE,P,23,2,2,0,2,0,Ron Meyer,1,0,-1
camarric01,1984,NWE,P,24,3,3,0,3,0,Ron Meyer;Raymond Berry,0,1,-0.1
camarric01,1985,NWE,P,25,4,4,0,4,0,Raymond Berry,0,1,5.8
camarric01,1986,NWE,P,26,5,5,0,5,0,Raymond Berry,1,0,5.7
camarric01,1987,NWE,P,27,6,6,0,6,0,Raymond Berry,2,0,3.1
camarric01,1988,RAM,P,28,7,7,0,0,1,John Robinson,0,1,6.5
camarric01,1989,PHO,P,29,8,8,0,0,1,Gene Stallings;Hank Kuhlmann,0,1,-7.1
camarric01,1990,PHO,P,30,9,9,0,1,0,Joe Bugel,0,1,-6.7
camarric01,1991,PHO,P,31,10,10,0,2,0,Joe Bugel,1,0,-5.4
camarric01,1992,PHO,P,32,11,11,0,3,0,Joe Bugel,2,0,-3
camarric01,1993,PHO,P,33,12,12,0,4,0,Joe Bugel,3,0,4
camarric01,1994,HOU,P,34,13,13,0,0,1,Jack Pardee;Jeff Fisher,0,1,-7.3
camarric01,1995,HOU,P,35,14,14,0,1,0,Jeff Fisher,0,1,0.8
camarric01,1996,OAK,P,36,15,15,0,0,1,Mike White,0,1,2.4
CantBa20,2000,DAL,P,23,0,0,1,0,1,Dave Campo,0,1,-4.5
CarrDu20,1974,DAL,P,24,0,0,1,0,1,Tom Landry,0,1,5.9
CarrDu20,1975,RAM,P,25,1,1,0,0,1,Chuck Knox,0,1,9.2
CarrDu20,1976,NYJ,P,26,2,2,0,0,1,Lou Holtz;Mike Holovak,0,1,-13.9
CarrDu20,1977,STL;NYJ,P,27,3,3,0,0,1,Don Coryell;Walt Michaels,0,1,-2.133333333
CateGr20,1980,BUF,P,23,0,0,1,0,1,Chuck Knox,0,1,3.9
CateGr20,1981,BUF,P,24,1,1,0,1,0,Chuck Knox,1,0,1.4
CateGr20,1982,BUF,P,25,2,2,0,2,0,Chuck Knox,2,0,1.5
CateGr20,1983,BUF,P,26,3,3,0,3,0,Kay Stephenson,0,1,-3.8
CateGr20,1986,STL,P,29,4,4,0,0,1,Gene Stallings,0,1,-8.1
CateGr20,1987,STL,P,30,5,5,0,1,0,Gene Stallings,1,0,-0.9
ChapDa20,1971,BUF,P,24,0,0,1,0,1,Harvey Johnson,0,1,-13.4
ChapDa20,1972,RAM,P,25,1,1,0,0,1,Tommy Prothro,0,1,-0.5
ChapDa20,1973,RAM,P,26,2,2,0,1,0,Chuck Knox,0,1,13.4
ChapDa20,1974,RAM;NWE,P,27,3,3,0,0,1,Chuck Knox;Chuck Fairbanks,0,1,4.309090909
CheeSt20,2004,KAN,P,27,0,0,1,0,1,Dick Vermeil,0,1,5.3
ClabNe20,1975,MIN,P,22,0,0,1,0,1,Bud Grant,0,1,8.9
ClabNe20,1976,MIN,P,23,1,1,0,1,0,Bud Grant,1,0,9.4
ClabNe20,1977,MIN,P,24,2,2,0,2,0,Bud Grant,2,0,-1.6
ClarKe21,1979,RAM,P,31,0,0,1,0,1,Ray Malavasi,0,1,-0.6
ClarLe20,1976,HOU,P,26,0,0,1,0,1,Bum Phillips,0,1,-1.7
ColbLe20,1986,KAN,P,23,0,0,1,0,1,John Mackovic,0,1,1.1
ColbLe20,1987,KAN,P,24,1,1,0,1,0,Frank Gansz,0,1,-8
ColbLe20,1989,SDG,P,26,2,2,0,0,1,Dan Henning,0,1,-0.8
ColeGr20,1977,CLE,P,22,0,0,1,0,1,Forrest Gregg;Dick Modzelewski,0,1,2.5
ColeGr20,1978,MIN,P,23,1,1,0,0,1,Bud Grant,0,1,-0.1
ColeGr20,1979,MIN,P,24,2,2,0,1,0,Bud Grant,1,0,-7.6
ColeGr20,1980,MIN,P,25,3,3,0,2,0,Bud Grant,2,0,-0.3
ColeGr20,1981,MIN,P,26,4,4,0,3,0,Bud Grant,3,0,-2.1
ColeGr20,1982,MIN,P,27,5,5,0,4,0,Bud Grant,4,0,1.1
ColeGr20,1983,MIN,P,28,6,6,0,5,0,Bud Grant,5,0,-3
ColeGr20,1984,MIN,P,29,7,7,0,6,0,Les Steckel,0,1,-10.9
ColeGr20,1985,MIN,P,30,8,8,0,7,0,Bud Grant,0,1,-1.2
ColeGr20,1986,MIN,P,31,9,9,0,8,0,Jerry Burns,0,1,6.5
ColeGr20,1987,MIN,P,32,10,10,0,9,0,Jerry Burns,1,0,-2.6
ColeGr20,1988,WAS,P,33,11,11,0,0,1,Joe Gibbs,0,1,-2.2
ColqBr00,2010,DEN,P,25,0,0,1,0,1,Josh McDaniels;Eric Studesville,0,1,-8.9
ColqBr00,2011,DEN,P,26,1,1,0,1,0,John Fox,0,1,-5.3
ColqBr00,2012,DEN,P,27,2,2,0,2,0,John Fox,1,0,10.1
ColqBr00,2013,DEN,P,28,3,3,0,3,0,John Fox,2,0,11.4
ColqBr00,2014,DEN,P,29,4,4,0,4,0,John Fox,3,0,9.6
ColqBr00,2015,DEN,P,30,5,5,0,5,0,Gary Kubiak,0,1,5.8
ColqBr00,2016,CLE,P,31,6,6,0,0,1,Hue Jackson,0,1,-10.1
ColqBr00,2017,CLE,P,32,7,7,0,1,0,Hue Jackson,1,0,-10.9
ColqBr00,2018,CLE,P,33,8,8,0,2,0,Gregg Williams;Hue Jackson,0,1,-0.4
ColqCr20,1978,PIT,P,24,0,0,1,0,1,Chuck Noll,0,1,8.2
ColqCr20,1979,PIT,P,25,1,1,0,1,0,Chuck Noll,1,0,11.9
ColqCr20,1980,PIT,P,26,2,2,0,2,0,Chuck Noll,2,0,2.3
ColqCr20,1981,PIT,P,27,3,3,0,3,0,Chuck Noll,3,0,2.7
ColqCr20,1983,PIT,P,29,4,4,0,4,0,Chuck Noll,4,0,-0.1
ColqCr20,1984,PIT,P,30,5,5,0,5,0,Chuck Noll,5,0,3.3
ColqCr20,1987,IND,P,33,6,6,0,0,1,Ron Meyer,0,1,4.2
ColqDu20,2005,KAN,P,23,0,0,1,0,1,Dick Vermeil,0,1,7
ColqDu20,2006,KAN,P,24,1,1,0,1,0,Herm Edwards,0,1,1
ColqDu20,2007,KAN,P,25,2,2,0,2,0,Herm Edwards,1,0,-5.5
ColqDu20,2008,KAN,P,26,3,3,0,3,0,Herm Edwards,2,0,-9.2
ColqDu20,2009,KAN,P,27,4,4,0,4,0,Todd Haley,0,1,-8.4
ColqDu20,2010,KAN,P,28,5,5,0,5,0,Todd Haley,1,0,-0.7
ColqDu20,2011,KAN,P,29,6,6,0,6,0,Todd Haley;Romeo Crennel,0,1,-8.1
ColqDu20,2012,KAN,P,30,7,7,0,7,0,Romeo Crennel,0,1,-14
ColqDu20,2013,KAN,P,31,8,8,0,8,0,Andy Reid,0,1,6
ColqDu20,2014,KAN,P,32,9,9,0,9,0,Andy Reid,1,0,5.7
ColqDu20,2015,KAN,P,33,10,10,0,10,0,Andy Reid,2,0,9
ColqDu20,2016,KAN,P,34,11,11,0,11,0,Andy Reid,3,0,5.6
ColqDu20,2017,KAN,P,35,12,12,0,12,0,Andy Reid,4,0,3.5
ColqDu20,2018,KAN,P,36,13,13,0,13,0,Andy Reid,5,0,8.8
ColqJi20,1985,SEA,P,22,0,0,1,0,1,Chuck Knox,0,1,4.4
ConlT.00,2011,NYJ,P,26,0,0,1,0,1,Rex Ryan,0,1,0.9
ConnMi20,1978,SFO,P,22,0,0,1,0,1,Fred O'Connor;Pete McCulley,0,1,-9.1
ConnMi20,1980,WAS,P,24,1,1,0,0,1,Jack Pardee,0,1,-1.1
ConnMi20,1981,WAS,P,25,2,2,0,1,0,Joe Gibbs,0,1,1
corrafra01,1978,RAM,K,23,0,0,1,0,1,Ray Malavasi,0,1,3.2
corrafra01,1979,RAM,K,24,1,1,0,1,0,Ray Malavasi,1,0,-0.6
corrafra01,1980,RAM,K;P,25,2,0,1,2,0,Ray Malavasi,2,0,6.5
corrafra01,1981,RAM,K;P,26,3,0,1,3,0,Ray Malavasi,3,0,-2.4
CostBr20,1998,CIN,P,23,0,0,1,0,1,Bruce Coslet,0,1,-11
CostBr20,1999,CIN,P,24,1,1,0,1,0,Bruce Coslet,1,0,-11.5
coxxxste01,1981,CLE,P,23,0,0,1,0,1,Sam Rutigliano,0,1,-6.5
coxxxste01,1982,CLE,P,24,1,1,0,1,0,Sam Rutigliano,1,0,-3.5
coxxxste01,1983,CLE,P,25,2,2,0,2,0,Sam Rutigliano,2,0,-2.2
coxxxste01,1984,CLE,P,26,3,3,0,3,0,Marty Schottenheimer;Sam Rutigliano,0,1,-3.8
coxxxste01,1985,WAS,P,27,4,4,0,0,1,Joe Gibbs,0,1,-1.9
coxxxste01,1986,WAS,P,28,5,5,0,1,0,Joe Gibbs,1,0,5.6
coxxxste01,1987,WAS,P,29,6,6,0,2,0,Joe Gibbs,2,0,3.8
coxxxste01,1988,WAS,P,30,7,7,0,3,0,Joe Gibbs,3,0,-2.2
criswray01,1987,TAM,P,24,0,0,1,0,1,Ray Perkins,0,1,-5.8
criswray01,1988,TAM,P,25,1,1,0,1,0,Ray Perkins,1,0,-4.1
DarrMa00,2015,MIA,P,23,0,0,1,0,1,Dan Campbell;Joe Philbin,0,1,-6.9
DarrMa00,2016,MIA,P,24,1,1,0,1,0,Adam Gase,0,1,-2.4
DarrMa00,2018,BUF,P,26,2,2,0,0,1,Sean McDermott,0,1,-6.9
deBrCa20,1982,KAN,P,22,0,0,1,0,1,Marv Levy,0,1,-0.3
DiltBu20,1977,DEN,P,23,0,0,1,0,1,Red Miller,0,1,11.3
DiltBu20,1978,DEN,P,24,1,1,0,1,0,Red Miller,1,0,5
DiltBu20,1979,BAL,P,25,2,2,0,0,1,Ted Marchibroda,0,1,-3.5
DixoRi00,2016,DEN,P,23,0,0,1,0,1,Gary Kubiak,0,1,4.1
DixoRi00,2017,DEN,P,24,1,1,0,1,0,Vance Joseph,0,1,-6.8
DixoRi00,2018,NYG,P,25,2,2,0,0,1,Pat Shurmur,0,1,-2.1
DodgMa99,2010,NYG,P,23,0,0,1,0,1,Tom Coughlin,0,1,2.1
DonaRy00,2011,DET,P,23,0,0,1,0,1,Jim Schwartz,0,1,6.1
donneric01,1985,ATL,P,23,0,0,1,0,1,Dan Henning,0,1,-8.9
donneric01,1986,ATL,P,24,1,1,0,1,0,Dan Henning,1,0,-0.5
donneric01,1987,ATL,P,25,2,2,0,2,0,Marion Campbell,0,1,-13.8
donneric01,1988,ATL,P,26,3,3,0,3,0,Marion Campbell,1,0,-4.5
donneric01,1990,SEA,P,28,4,4,0,0,1,Chuck Knox,0,1,2.8
donneric01,1991,SEA,P,29,5,5,0,1,0,Chuck Knox,1,0,1.2
DorsTr20,2002,CIN,K,22,0,0,1,0,1,Dick LeBeau,0,1,-10.5
DuncKe20,1971,GNB,P,25,0,0,1,0,1,Dan Devine,0,1,-0.9
EdgeSh20,1996,PIT,P,25,0,0,1,0,1,Bill Cowher,0,1,5.1
EdwaLa01,2016,NYJ,P,24,0,0,1,0,1,Todd Bowles,0,1,-8.5
EdwaLa01,2017,NYJ,P,25,1,1,0,1,0,Todd Bowles,1,0,-5
EdwaLa01,2018,NYJ,P,26,2,2,0,2,0,Todd Bowles,2,0,-7.9
EnglKe20,1990,RAM,P,24,0,0,1,0,1,John Robinson,0,1,-4.2
EnglRi20,1976,SEA,P,22,0,0,1,0,1,Jack Patera,0,1,-15.1
EnglRi20,1977,SEA;PIT,P,23,1,1,0,0,1,Jack Patera;Chuck Noll,0,1,0.9
EnglRi20,1978,PHI,P,24,2,2,0,0,1,Dick Vermeil,0,1,2.3
ErnsPa20,2005,DEN,P,23,0,0,1,0,1,Mike Shanahan,0,1,10.8
ErnsPa20,2006,DEN,P,24,1,1,0,1,0,Mike Shanahan,1,0,1.3
ErnsPa20,2007,DEN;CLE,P,25,2,2,0,0,1,Mike Shanahan;Romeo Crennel,0,1,-2.55
ErnsPa20,2008,PIT,P,26,3,3,0,0,1,Mike Tomlin,0,1,9.8
erxlerus01,1979,NOR,P,22,0,0,1,0,1,Dick Nolan,0,1,-1.2
erxlerus01,1980,NOR,P,23,1,1,0,1,0,Dick Stanfel;Dick Nolan,0,1,-10.5
erxlerus01,1981,NOR,P,24,2,2,0,2,0,Bum Phillips,0,1,-9.5
erxlerus01,1982,NOR,P,25,3,3,0,3,0,Bum Phillips,1,0,-3.8
erxlerus01,1983,NOR,P,26,4,4,0,4,0,Bum Phillips,2,0,0
erxlerus01,1987,DET,P,30,5,5,0,0,1,Darryl Rogers,0,1,-9.9
EvanJo21,1978,CLE,P,22,0,0,1,0,1,Sam Rutigliano,0,1,-2
EvanJo21,1979,CLE,P,23,1,1,0,1,0,Sam Rutigliano,1,0,3
EvanJo21,1980,CLE,P,24,2,2,0,2,0,Sam Rutigliano,2,0,1.8
FagaJu20,1970,NOR,P,22,0,0,1,0,1,J.D. Roberts;Tom Fears,0,1,-7.9
FagaJu20,1971,NOR,P,23,1,1,0,1,0,J.D. Roberts,0,1,-2.7
FagaJu20,1972,NOR,P,24,2,2,0,2,0,J.D. Roberts,1,0,-10.3
FagaJu20,1973,NYJ,P,25,3,3,0,0,1,Weeb Ewbank,0,1,-3.4
FeagJe20,1988,NWE,P,22,0,0,1,0,1,Raymond Berry,0,1,-0.1
FeagJe20,1989,NWE,P,23,1,1,0,1,0,Raymond Berry,1,0,-7
FeagJe20,1990,PHI,P,24,2,2,0,0,1,Buddy Ryan,0,1,5.6
FeagJe20,1991,PHI,P,25,3,3,0,1,0,Rich Kotite,0,1,4.7
FeagJe20,1992,PHI,P,26,4,4,0,2,0,Rich Kotite,1,0,8.9
FeagJe20,1993,PHI,P,27,5,5,0,3,0,Rich Kotite,2,0,0.4
FeagJe20,1994,ARI,P,28,6,6,0,0,1,Buddy Ryan,0,1,-2.3
FeagJe20,1995,ARI,P,29,7,7,0,1,0,Buddy Ryan,1,0,-7.5
FeagJe20,1996,ARI,P,30,8,8,0,2,0,Vince Tobin,0,1,-7.5
FeagJe20,1997,ARI,P,31,9,9,0,3,0,Vince Tobin,1,0,-6.4
FeagJe20,1998,SEA,P,32,10,10,0,0,1,Dennis Erickson,0,1,1.5
FeagJe20,1999,SEA,P,33,11,11,0,1,0,Mike Holmgren,0,1,4.5
FeagJe20,2000,SEA,P,34,12,12,0,2,0,Mike Holmgren,1,0,-3.7
FeagJe20,2001,SEA,P,35,13,13,0,3,0,Mike Holmgren,2,0,-1.8
FeagJe20,2002,SEA,P,36,14,14,0,4,0,Mike Holmgren,3,0,-1.2
FeagJe20,2003,NYG,P,37,15,15,0,0,1,Jim Fassel,0,1,-8.5
FeagJe20,2004,NYG,P,38,16,16,0,1,0,Tom Coughlin,0,1,-3.9
FeagJe20,2005,NYG,P,39,17,17,0,2,0,Tom Coughlin,1,0,7.5
FeagJe20,2006,NYG,P,40,18,18,0,3,0,Tom Coughlin,2,0,0.1
FeagJe20,2007,NYG,P,41,19,19,0,4,0,Tom Coughlin,3,0,3.2
FeagJe20,2008,NYG,P,42,20,20,0,5,0,Tom Coughlin,4,0,8.3
FeagJe20,2009,NYG,P,43,21,21,0,6,0,Tom Coughlin,5,0,0.1
FielBr20,2007,MIA,P,23,0,0,1,0,1,Cam Cameron,0,1,-8.3
FielBr20,2008,MIA,P,24,1,1,0,1,0,Tony Sparano,0,1,-0.6
FielBr20,2009,MIA,P,25,2,2,0,2,0,Tony Sparano,1,0,1.7
FielBr20,2010,MIA,P,26,3,3,0,3,0,Tony Sparano,2,0,0.3
FielBr20,2011,MIA,P,27,4,4,0,4,0,Tony Sparano;Todd Bowles,0,1,1
FielBr20,2012,MIA,P,28,5,5,0,5,0,Joe Philbin,0,1,-2.6
FielBr20,2013,MIA,P,29,6,6,0,6,0,Joe Philbin,1,0,-0.8
FielBr20,2014,MIA,P,30,7,7,0,7,0,Joe Philbin,2,0,2.5
FielBr20,2015,NOR,P,31,8,8,0,0,1,Sean Payton,0,1,-6.5
FiliFi20,2002,DAL,P,24,0,0,1,0,1,Dave Campo,0,1,-8.5
FinzDa20,1984,CHI,P,25,0,0,1,0,1,Mike Ditka,0,1,4.7
FinzDa20,1985,SEA,P,26,1,1,0,0,1,Chuck Knox,0,1,4.4
FlinRy20,2005,GNB,P,25,0,0,1,0,1,Mike Sherman,0,1,-3.7
FrosDe20,2004,CLE,P,23,0,0,1,0,1,Butch Davis;Terry Robiskie,0,1,-3.4
FrosDe20,2005,WAS,P,24,1,1,0,0,1,Joe Gibbs,0,1,6
FrosDe20,2006,WAS,P,25,2,2,0,1,0,Joe Gibbs,1,0,-4.1
FrosDe20,2007,WAS,P,26,3,3,0,2,0,Joe Gibbs,2,0,4.5
FrosDe20,2008,GNB,P,27,4,4,0,0,1,Mike McCarthy,0,1,2.9
FulhSc20,1987,CIN,P,26,0,0,1,0,1,Sam Wyche,0,1,-3.7
FulhSc20,1988,CIN,P,27,1,1,0,1,0,Sam Wyche,1,0,6.1
FulhSc20,1989,ATL,P,28,2,2,0,0,1,Marion Campbell;Jim Hanifan,0,1,-9.1
FulhSc20,1990,ATL,P,29,3,3,0,1,0,Jerry Glanville,0,1,-2.2
FulhSc20,1991,ATL,P,30,4,4,0,2,0,Jerry Glanville,1,0,3.4
FulhSc20,1992,ATL,P,31,5,5,0,3,0,Jerry Glanville,2,0,-4.1
GallNi20,1998,NYJ,P,23,0,0,1,0,1,Bill Parcells,0,1,11.2
GamaVi20,1986,SEA,P,24,0,0,1,0,1,Chuck Knox,0,1,6.4
GamaVi20,1987,RAI,P,25,1,1,0,0,1,Tom Flores,0,1,0.1
GantGr20,1974,NYJ,P,22,0,0,1,0,1,Charley Winner,0,1,-2.6
GantGr20,1975,NYJ,P,23,1,1,0,1,0,Charley Winner;Ken Shipp,0,1,-8.3
GarcFr20,1981,SEA,P,24,0,0,1,0,1,Jack Patera,0,1,-3.3
GarcFr20,1983,TAM,P,26,1,1,0,0,1,John McKay,0,1,-9.1
GarcFr20,1984,TAM,P,27,2,2,0,1,0,John McKay,1,0,-3.6
GarcFr20,1985,TAM,P,28,3,3,0,2,0,Leeman Bennett,0,1,-7.4
GarcFr20,1986,TAM,P,29,4,4,0,3,0,Leeman Bennett,1,0,-15.4
GarcFr20,1987,TAM,P,30,5,5,0,4,0,Ray Perkins,0,1,-5.8
GardCh20,1991,CHI,P,21,0,0,1,0,1,Mike Ditka,0,1,0.8
GardCh20,1992,CHI,P,22,1,1,0,1,0,Mike Ditka,1,0,-3.5
GardCh20,1993,CHI,P,23,2,2,0,2,0,Dave Wannstedt,0,1,-0.3
GardCh20,1994,CHI,P,24,3,3,0,3,0,Dave Wannstedt,1,0,-1.9
GardCh20,1995,IND,P,25,4,4,0,0,1,Ted Marchibroda,0,1,-1.4
GardCh20,1996,IND,P,26,5,5,0,1,0,Lindy Infante,0,1,-1.6
GardCh20,1997,IND,P,27,6,6,0,2,0,Lindy Infante,1,0,-4.4
GardCh20,1998,IND,P,28,7,7,0,3,0,Jim Mora,0,1,-5.4
GardCh20,1999,CLE,P,29,8,8,0,0,1,Chris Palmer,0,1,-14.1
GardCh20,2000,CLE,P,30,9,9,0,1,0,Chris Palmer,1,0,-14.6
GardCh20,2001,CLE,P,31,10,10,0,2,0,Butch Davis,0,1,-0.8
GardCh20,2002,CLE,P,32,11,11,0,3,0,Butch Davis,1,0,1.3
GardCh20,2003,CLE,P,33,12,12,0,4,0,Butch Davis,2,0,-2.9
GardCh20,2004,PIT,P,34,13,13,0,0,1,Bill Cowher,0,1,9
GardCh20,2005,PIT,P,35,14,14,0,1,0,Bill Cowher,1,0,7.8
GardCh20,2006,PIT,P,36,15,15,0,2,0,Bill Cowher,2,0,3.4
GarrMi20,1981,BAL,P,24,0,0,1,0,1,Mike McCormack,0,1,-15.8
GayxJo00,2014,BUF,K,24,0,0,1,0,1,Doug Marrone,0,1,4.9
GayxJo00,2015,BUF,K;P,25,1,0,1,1,0,Rex Ryan,0,1,0.1
GayxJo00,2016,BUF,K;P,26,2,0,1,2,0,Rex Ryan;Anthony Lynn,0,1,-0.4
georgmat01,1998,PIT,P,23,0,0,1,0,1,Bill Cowher,0,1,-3.8
GiacRa20,1983,ATL,P,22,0,0,1,0,1,Dan Henning,0,1,0.8
GiacRa20,1984,ATL,P,23,1,1,0,1,0,Dan Henning,1,0,-6.6
GiacRa20,1985,ATL,P,24,2,2,0,2,0,Dan Henning,2,0,-8.9
GiacRa20,1987,DEN,P,26,3,3,0,0,1,Dan Reeves,0,1,4.1
GoodJo22,1982,PIT,P,22,0,0,1,0,1,Chuck Noll,0,1,5.2
GoodKe20,1987,KAN,P,25,0,0,1,0,1,Frank Gansz,0,1,-8
GoodKe20,1988,KAN,P,26,1,1,0,1,0,Frank Gansz,1,0,-5.7
GoodKe20,1989,KAN,P,27,2,2,0,2,0,Marty Schottenheimer,0,1,2
GoodKe20,1990,WAS;KAN,P,28,3,3,0,0,1,Joe Gibbs;Marty Schottenheimer,0,1,6
GoodKe20,1991,WAS,P,29,4,4,0,0,1,Joe Gibbs,0,1,16.6
GoodKe20,1992,WAS,P,30,5,5,0,1,0,Joe Gibbs,1,0,4.5
GoodKe20,1993,WAS,P,31,6,6,0,2,0,Richie Petitbon,0,1,-6.5
GoreSt20,1987,MIA,P,24,0,0,1,0,1,Don Shula,0,1,2.1
GossJe20,1981,KAN,P,24,0,0,1,0,1,Marv Levy,0,1,3.2
GossJe20,1982,KAN,P,25,1,1,0,1,0,Marv Levy,1,0,-0.3
GossJe20,1983,CLE,P,26,2,2,0,0,1,Sam Rutigliano,0,1,-2.2
GossJe20,1985,CLE,P,28,3,3,0,1,0,Marty Schottenheimer,0,1,-1.3
GossJe20,1986,CLE,P,29,4,4,0,2,0,Marty Schottenheimer,1,0,3.6
GossJe20,1987,HOU;CLE,P,30,5,5,0,0,1,Jerry Glanville;Marty Schottenheimer,0,1,6.888888889
GossJe20,1988,RAI,P,31,6,6,0,0,1,Mike Shanahan,0,1,-3.6
GossJe20,1989,RAI,P,32,7,7,0,1,0,Art Shell;Mike Shanahan,0,1,1.9
GossJe20,1990,RAI,P,33,8,8,0,2,0,Art Shell,0,1,6.6
GossJe20,1991,RAI,P,34,9,9,0,3,0,Art Shell,1,0,1.4
GossJe20,1992,RAI,P,35,10,10,0,4,0,Art Shell,2,0,-1.7
GossJe20,1993,RAI,P,36,11,11,0,5,0,Art Shell,3,0,-0.6
GossJe20,1994,RAI,P,37,12,12,0,6,0,Art Shell,4,0,-1.6
GossJe20,1995,OAK,P,38,13,13,0,0,1,Mike White,0,1,2.1
GossJe20,1996,OAK,P,39,14,14,0,1,0,Mike White,1,0,2.4
gowintob01,1997,DAL,P,22,0,0,1,0,1,Barry Switzer,0,1,-0.7
gowintob01,1998,DAL,P,23,1,1,0,1,0,Chan Gailey,0,1,3.5
gowintob01,1999,DAL,P,24,2,2,0,2,0,Chan Gailey,1,0,3.1
gowintob01,2000,NOR,P,25,3,3,0,0,1,Jim Haslett,0,1,0.9
gowintob01,2001,NOR,P,26,4,4,0,1,0,Jim Haslett,1,0,-4.8
gowintob01,2002,NOR,P,27,5,5,0,2,0,Jim Haslett,2,0,2.5
gowintob01,2003,DAL,P,28,6,6,0,0,1,Bill Parcells,0,1,-0.5
gowintob01,2004,NYJ,P,29,7,7,0,0,1,Herm Edwards,0,1,6.5
GrahBe20,2005,NYJ,P,31,0,0,1,0,1,Herm Edwards,0,1,-6.4
GrahBe20,2006,NYJ,P,32,1,1,0,1,0,Eric Mangini,0,1,2.1
GrahBe20,2007,NYJ,P,33,2,2,0,2,0,Eric Mangini,1,0,-3.7
GrahBe20,2008,NYJ;NOR;ARI,P,34,3,3,0,0,1,Eric Mangini;Sean Payton;Ken Whisenhunt,0,1,-0.266666667
GrahBe20,2009,ARI,P,35,4,4,0,0,1,Ken Whisenhunt,0,1,-0.3
GrahBe20,2010,ARI,P,36,5,5,0,1,0,Ken Whisenhunt,1,0,-12.7
GrahBe20,2011,DET;ARI,P,37,6,6,0,0,1,Jim Schwartz;Ken Whisenhunt,0,1,5.0625
GrahBe20,2012,DET,P,38,7,7,0,0,1,Jim Schwartz,0,1,-2.3
GreeDa20,1973,HOU,P,23,0,0,1,0,1,Sid Gillman;Bill Peterson,0,1,-16.8
GreeDa20,1974,CIN,P,24,1,1,0,0,1,Paul Brown,0,1,2.1
GreeDa20,1975,CIN,K;P,25,2,0,1,1,0,Paul Brown,1,0,6.9
GreeDa20,1976,TAM,K;P,26,3,0,1,0,1,John McKay,0,1,-19.6
GreeDa20,1977,TAM,P,27,4,0,1,1,0,John McKay,1,0,-10.8
GreeDa20,1978,TAM,P,28,5,1,0,2,0,John McKay,2,0,-3.3
GrifRu20,1987,SEA,P,23,0,0,1,0,1,Chuck Knox,0,1,2
GrooAn20,2005,WAS,P,25,0,0,1,0,1,Joe Gibbs,0,1,6
GrupBo20,1979,KAN,P,24,0,0,1,0,1,Marv Levy,0,1,1.4
GrupBo20,1980,KAN,P,25,1,1,0,1,0,Marv Levy,1,0,-0.5
GrupBo20,1981,KAN,P,26,2,2,0,2,0,Marv Levy,2,0,3.2
GuyxRa20,1973,OAK,P,23,0,0,1,0,1,John Madden,0,1,6.7
GuyxRa20,1974,OAK,P,24,1,1,0,1,0,John Madden,1,0,9.1
GuyxRa20,1975,OAK,P,25,2,2,0,2,0,John Madden,2,0,6.8
GuyxRa20,1976,OAK,P,26,3,3,0,3,0,John Madden,3,0,8.5
GuyxRa20,1977,OAK,P,27,4,4,0,4,0,John Madden,4,0,10.4
GuyxRa20,1978,OAK,P,28,5,5,0,5,0,John Madden,5,0,2.7
GuyxRa20,1979,OAK,P,29,6,6,0,6,0,Tom Flores,0,1,3.8
GuyxRa20,1980,OAK,P,30,7,7,0,7,0,Tom Flores,1,0,4.2
GuyxRa20,1981,OAK,P,31,8,8,0,8,0,Tom Flores,2,0,-3.6
GuyxRa20,1982,RAI,P,32,9,9,0,0,1,Tom Flores,3,0,5.2
GuyxRa20,1983,RAI,P,33,10,10,0,1,0,Tom Flores,4,0,6.8
GuyxRa20,1984,RAI,P,34,11,11,0,2,0,Tom Flores,5,0,6.9
GuyxRa20,1985,RAI,P,35,12,12,0,3,0,Tom Flores,6,0,4.4
GuyxRa20,1986,RAI,P,36,13,13,0,4,0,Tom Flores,7,0,0.2
HaacMa00,2017,MIA,P;WR,23,0,0,1,0,1,Adam Gase,0,1,-6.3
HaacMa00,2018,MIA,P,24,1,0,1,1,0,Adam Gase,1,0,-8.8
HansBr20,1984,NOR,P,23,0,0,1,0,1,Bum Phillips,0,1,-2.9
HansBr20,1985,NOR,P,24,1,1,0,1,0,Bum Phillips;Wade Phillips,0,1,-6.9
HansBr20,1986,NOR,P,25,2,2,0,2,0,Jim Mora,0,1,0
HansBr20,1987,NOR,P,26,3,3,0,3,0,Jim Mora,1,0,10.1
HansBr20,1988,NOR,P,27,4,4,0,4,0,Jim Mora,2,0,1.6
HansBr20,1990,NWE,P,29,5,5,0,0,1,Rod Rust,0,1,-14.6
HansBr20,1991,CLE,P,30,6,6,0,0,1,Bill Belichick,0,1,-0.3
HansBr20,1992,CLE,P,31,7,7,0,1,0,Bill Belichick,1,0,-1
HansBr20,1993,CLE,P,32,8,8,0,2,0,Bill Belichick,2,0,-1.2
HansBr20,1994,NYJ,P,33,9,9,0,0,1,Pete Carroll,0,1,-2.2
HansBr20,1995,NYJ,P,34,10,10,0,1,0,Rich Kotite,0,1,-11.2
HansBr20,1996,NYJ,P,35,11,11,0,2,0,Rich Kotite,1,0,-10.1
HansBr20,1997,NYJ,P,36,12,12,0,3,0,Bill Parcells,0,1,2.9
HansBr20,1998,NYJ,P,37,13,13,0,4,0,Bill Parcells,1,0,11.2
HansBr20,1999,WAS,P,38,14,14,0,0,1,Norv Turner,0,1,2.9
HansCh20,1999,GNB,P,22,0,0,1,0,1,Ray Rhodes,0,1,1.6
HansCh20,2000,,P,23,0,1,0,,,,,,
HansCh20,2001,JAX,P,24,1,2,0,0,1,Tom Coughlin,0,1,0.9
HansCh20,2002,JAX,P,25,2,3,0,1,0,Tom Coughlin,1,0,-0.2
HansCh20,2003,JAX,P,26,3,4,0,2,0,Jack Del Rio,0,1,-2.4
HansCh20,2004,JAX,P,27,4,5,0,3,0,Jack Del Rio,1,0,0.7
HansCh20,2005,JAX,P,28,5,6,0,4,0,Jack Del Rio,2,0,4.8
HansCh20,2006,JAX,P,29,6,7,0,5,0,Jack Del Rio,3,0,7.5
HansCh20,2007,NWE,P,30,7,8,0,0,1,Bill Belichick,0,1,20.1
HansCh20,2008,NWE,P,31,8,9,0,1,0,Bill Belichick,1,0,3.9
HansCh20,2009,NWE,P,32,9,10,0,2,0,Bill Belichick,2,0,11.2
HareEd20,1979,NWE,P,22,0,0,1,0,1,Ron Erhardt,0,1,5
HarrNi20,2001,CIN,P,23,0,0,1,0,1,Dick LeBeau,0,1,-3.5
HarrNi20,2002,CIN,P,24,1,1,0,1,0,Dick LeBeau,1,0,-10.5
HarrNi20,2003,DET;CIN,P,25,2,2,0,0,1,Steve Mariucci;Marvin Lewis,0,1,-4.80625
HarrNi20,2004,DET,P,26,3,3,0,0,1,Steve Mariucci,0,1,-5.2
HarrNi20,2005,DET,P,27,4,4,0,1,0,Steve Mariucci;Dick Jauron,0,1,-6.7
HarrNi20,2006,DET,P,28,5,5,0,2,0,Rod Marinelli,0,1,-6.4
HarrNi20,2007,DET,P,29,6,6,0,3,0,Rod Marinelli,1,0,-3.6
HarrNi20,2008,DET,P,30,7,7,0,4,0,Rod Marinelli,2,0,-13.1
HarrNi20,2009,DET,P,31,8,8,0,5,0,Jim Schwartz,0,1,-14.4
HarrNi20,2010,DET,P,32,9,9,0,6,0,Jim Schwartz,1,0,1.9
HarrNi20,2011,JAX,P,33,10,10,0,0,1,Jack Del Rio;Mel Tucker,0,1,-5.7
HarrNi20,2012,DET,P,34,11,11,0,0,1,Jim Schwartz,0,1,-2.3
HartBr01,2011,HOU,P,24,0,0,1,0,1,Gary Kubiak,0,1,4.6
HartKe20,1981,NWE,P,24,0,0,1,0,1,Ron Erhardt,0,1,-3.7
HatcDa20,1985,RAM,P,22,0,0,1,0,1,John Robinson,0,1,2.6
HatcDa20,1986,RAM,P,23,1,1,0,1,0,John Robinson,1,0,1.8
HatcDa20,1987,RAM,P,24,2,2,0,2,0,John Robinson,2,0,-1.8
HatcDa20,1988,RAM,P,25,3,3,0,3,0,John Robinson,3,0,6.5
HatcDa20,1989,RAM,P,26,4,4,0,4,0,John Robinson,4,0,4.6
HatcDa20,1991,RAM,P,28,5,5,0,5,0,John Robinson,5,0,-6
HatcDa20,1993,MIA,P,30,6,6,0,0,1,Don Shula,0,1,-0.4
HayeJe20,1982,WAS,P,23,0,0,1,0,1,Joe Gibbs,0,1,7.4
HayeJe20,1983,WAS,P,24,1,1,0,1,0,Joe Gibbs,1,0,13.9
HayeJe20,1984,WAS,P,25,2,2,0,2,0,Joe Gibbs,2,0,6.3
HayeJe20,1985,WAS,P,26,3,3,0,3,0,Joe Gibbs,3,0,-1.9
HayeJe20,1986,CIN,P,27,4,4,0,0,1,Sam Wyche,0,1,1.5
HayeJe20,1987,MIA,P,28,5,5,0,0,1,Don Shula,0,1,2.1
HekkJo00,2012,STL,P,22,0,0,1,0,1,Jeff Fisher,0,1,0.3
HekkJo00,2013,STL,P,23,1,1,0,1,0,Jeff Fisher,1,0,2.2
HekkJo00,2014,STL,P,24,2,2,0,2,0,Jeff Fisher,2,0,-0.8
HekkJo00,2015,STL,P,25,3,3,0,3,0,Jeff Fisher,3,0,-0.2
HekkJo00,2016,LAR,P,26,4,4,0,0,1,Jeff Fisher;John Fassel,0,1,-11.1
HekkJo00,2017,LAR,P,27,5,5,0,1,0,Sean McVay,0,1,9.2
HekkJo00,2018,LAR,P,28,6,6,0,2,0,Sean McVay,1,0,8.4
HeltBa20,1988,SFO,P,23,0,0,1,0,1,Bill Walsh,0,1,4.8
HeltBa20,1989,SFO,P,24,1,1,0,1,0,George Seifert,0,1,10.7
HeltBa20,1990,SFO,P,25,2,2,0,2,0,George Seifert,1,0,5.8
HeltBa20,1991,RAM,P,26,3,3,0,0,1,John Robinson,0,1,-6
HenrCh02,2011,PHI,P,22,0,0,1,0,1,Andy Reid,0,1,4.8
HenrCh02,2012,PHI,P,23,1,1,0,1,0,Andy Reid,1,0,-8.9
hentrcra01,1994,GNB,P,23,0,0,1,0,1,Mike Holmgren,0,1,6
hentrcra01,1995,GNB,P,24,1,1,0,1,0,Mike Holmgren,1,0,6
hentrcra01,1996,GNB,P,25,2,2,0,2,0,Mike Holmgren,2,0,15.3
hentrcra01,1997,GNB,P,26,3,3,0,3,0,Mike Holmgren,3,0,7.7
hentrcra01,1998,TEN,P,27,4,4,0,0,1,Jeff Fisher,0,1,0
hentrcra01,1999,TEN,P,28,5,5,0,1,0,Jeff Fisher,1,0,1
hentrcra01,2000,TEN,P,29,6,6,0,2,0,Jeff Fisher,2,0,8.3
hentrcra01,2001,TEN,P,30,7,7,0,3,0,Jeff Fisher,3,0,-2
hentrcra01,2002,TEN,P,31,8,8,0,4,0,Jeff Fisher,4,0,1.7
hentrcra01,2003,TEN,P,32,9,9,0,5,0,Jeff Fisher,5,0,6.5
hentrcra01,2004,TEN,P,33,10,10,0,6,0,Jeff Fisher,6,0,-4.3
hentrcra01,2005,TEN,P,34,11,11,0,7,0,Jeff Fisher,7,0,-7.5
hentrcra01,2006,TEN,P,35,12,12,0,8,0,Jeff Fisher,8,0,-1.3
hentrcra01,2007,TEN,P,36,13,13,0,9,0,Jeff Fisher,9,0,0.7
hentrcra01,2008,TEN,P,37,14,14,0,10,0,Jeff Fisher,10,0,9
hentrcra01,2009,TEN,P,38,15,15,0,11,0,Jeff Fisher,11,0,-2.7
HerlAl20,1987,NWE,K,22,0,0,1,0,1,Raymond Berry,0,1,3.1
HodgRe20,2005,STL;PHI,P,23,0,0,1,0,1,Joe Vitt;Mike Martz;Andy Reid,0,1,-4.0875
HodgRe20,2008,NYJ,P,26,1,1,0,0,1,Eric Mangini,0,1,0.3
HodgRe20,2009,TEN;CLE,P,27,2,2,0,0,1,Jeff Fisher;Eric Mangini,0,1,-6.5
HodgRe20,2010,CLE,P,28,3,3,0,0,1,Eric Mangini,0,1,-1.4
HodgRe20,2012,CLE,P,30,4,4,0,1,0,Pat Shurmur,0,1,-5.3
HoopMi20,1975,DAL,P,22,0,0,1,0,1,Tom Landry,0,1,4.1
HoopMi20,1976,SDG;HOU,P,23,1,1,0,0,1,Tommy Prothro;Bum Phillips,0,1,-1.25
HoopMi20,1977,DET,P,24,2,2,0,0,1,Tommy Hudspeth,0,1,-7.4
HoraMi20,1984,PHI,P,25,0,0,1,0,1,Marion Campbell,0,1,-2.4
HoraMi20,1985,PHI,P,26,1,1,0,1,0,Marion Campbell;Fred Bruney,0,1,-3.5
HoraMi20,1986,DEN,P,27,2,2,0,0,1,Dan Reeves,0,1,5.2
HoraMi20,1987,DEN,P,28,3,3,0,1,0,Dan Reeves,1,0,4.1
HoraMi20,1988,DEN,P,29,4,4,0,2,0,Dan Reeves,2,0,-3.3
HoraMi20,1989,DEN,P,30,5,5,0,3,0,Dan Reeves,3,0,9.4
HoraMi20,1990,DEN,P,31,6,6,0,4,0,Dan Reeves,4,0,-0.8
HoraMi20,1991,DEN,P,32,7,7,0,5,0,Dan Reeves,5,0,3.4
HoraMi20,1992,DEN,P,33,8,8,0,6,0,Dan Reeves,6,0,-3.3
HoraMi20,1993,NYG,P,34,9,9,0,0,1,Dan Reeves,7,0,4.6
HoraMi20,1994,NYG,P,35,10,10,0,1,0,Dan Reeves,8,0,-1.7
HoraMi20,1995,NYG,P,36,11,11,0,2,0,Dan Reeves,9,0,-1.5
HoraMi20,1996,NYG,P,37,12,12,0,3,0,Dan Reeves,10,0,-4.2
HoraMi20,1997,STL,P,38,13,13,0,0,1,Dick Vermeil,0,1,-4
HoraMi20,1998,CHI,P,39,14,14,0,0,1,Dave Wannstedt,0,1,-3.7
HoraMi20,1999,STL,P,40,15,15,0,0,1,Dick Vermeil,0,1,11.9
HornGr20,1987,STL;CIN,P,22,0,0,1,0,1,Gene Stallings;Sam Wyche,0,1,-2.144444444
HornGr20,1988,PHO,P,23,1,1,0,0,1,Gene Stallings,0,1,-3.2
HowaEd20,1998,SFO,P,25,0,0,1,0,1,Steve Mariucci,0,1,10.6
HubaMi20,1980,NWE,P,22,0,0,1,0,1,Ron Erhardt,0,1,6.5
HubaMi20,1981,NWE,P,23,1,1,0,1,0,Ron Erhardt,1,0,-3.7
HubeKe20,2009,CIN,P,24,0,0,1,0,1,Marvin Lewis,0,1,0.7
HubeKe20,2010,CIN,P,25,1,1,0,1,0,Marvin Lewis,1,0,-1.5
HubeKe20,2011,CIN,P,26,2,2,0,2,0,Marvin Lewis,2,0,0.5
HubeKe20,2012,CIN,P,27,3,3,0,3,0,Marvin Lewis,3,0,2.1
HubeKe20,2013,CIN,P,28,4,4,0,4,0,Marvin Lewis,4,0,5.3
HubeKe20,2014,CIN,P;K;WR,29,5,0,1,5,0,Marvin Lewis,5,0,0.8
HubeKe20,2015,CIN,P,30,6,0,1,6,0,Marvin Lewis,6,0,10.6
HubeKe20,2016,CIN,P,31,7,1,0,7,0,Marvin Lewis,7,0,1
HubeKe20,2017,CIN,P,32,8,2,0,8,0,Marvin Lewis,8,0,-5
HubeKe20,2018,CIN,P,33,9,3,0,9,0,Marvin Lewis,9,0,-3.4
HuttTo20,1995,PHI,P,23,0,0,1,0,1,Ray Rhodes,0,1,-1.7
HuttTo20,1996,PHI,P,24,1,1,0,1,0,Ray Rhodes,1,0,0.5
HuttTo20,1997,PHI,P,25,2,2,0,2,0,Ray Rhodes,2,0,-3
HuttTo20,1998,PHI,P,26,3,3,0,3,0,Ray Rhodes,3,0,-12.8
HuttTo20,1999,MIA,P,27,4,4,0,0,1,Jimmy Johnson,0,1,1.9
IlesHa20,1989,SDG,P,29,0,0,1,0,1,Dan Henning,0,1,-0.8
JackRu20,1976,RAM,P,25,0,0,1,0,1,Chuck Knox,0,1,10.4
JackRu20,1978,BUF,P,27,1,1,0,0,1,Chuck Knox,1,0,-3.3
JackRu20,1979,BUF,P,28,2,2,0,1,0,Chuck Knox,2,0,-0.2
JameJo20,1972,ATL,P,23,0,0,1,0,1,Norm Van Brocklin,0,1,-1.9
JameJo20,1973,ATL,P,24,1,1,0,1,0,Norm Van Brocklin,1,0,5.8
JameJo20,1974,ATL,P,25,2,2,0,2,0,Norm Van Brocklin;Marion Campbell,0,1,-12.3
JameJo20,1975,ATL,P,26,3,3,0,3,0,Marion Campbell,0,1,-3.5
JameJo20,1976,ATL,P,27,4,4,0,4,0,Pat Peppler;Marion Campbell,0,1,-10.2
JameJo20,1977,ATL,P,28,5,5,0,5,0,Leeman Bennett,0,1,0.5
JameJo20,1978,ATL,P,29,6,6,0,6,0,Leeman Bennett,1,0,-4.6
JameJo20,1979,ATL,P,30,7,7,0,7,0,Leeman Bennett,2,0,-6.6
JameJo20,1980,ATL,P,31,8,8,0,8,0,Leeman Bennett,3,0,7.9
JameJo20,1981,ATL,P,32,9,9,0,9,0,Leeman Bennett,4,0,3.9
JameJo20,1982,HOU;DET,P,33,10,10,0,0,1,Ed Biles;Monte Clark,0,1,-7.485714286
JameJo20,1983,HOU,P,34,11,11,0,0,1,Chuck Studley;Ed Biles,0,1,-11.6
JameJo20,1984,HOU,P,35,12,12,0,1,0,Hugh Campbell,0,1,-11.9
janikseb01,2000,OAK,K,22,0,0,1,0,1,Jon Gruden,0,1,9.8
janikseb01,2001,OAK,K,23,1,1,0,1,0,Jon Gruden,1,0,3.6
janikseb01,2002,OAK,K,24,2,2,0,2,0,Bill Callahan,0,1,10.6
janikseb01,2003,OAK,K,25,3,3,0,3,0,Bill Callahan,1,0,-5.5
janikseb01,2004,OAK,K,26,4,4,0,4,0,Norv Turner,0,1,-4.3
janikseb01,2005,OAK,K,27,5,5,0,5,0,Norv Turner,1,0,-2.8
janikseb01,2006,OAK,K,28,6,6,0,6,0,Art Shell,0,1,-9.6
janikseb01,2007,OAK,K,29,7,7,0,7,0,Lane Kiffin,0,1,-6
janikseb01,2008,OAK,K,30,8,8,0,8,0,Tom Cable;Lane Kiffin,0,1,-7.5
janikseb01,2009,OAK,K,31,9,9,0,9,0,Tom Cable,0,1,-10.3
janikseb01,2010,OAK,K,32,10,10,0,10,0,Tom Cable,1,0,0.1
janikseb01,2011,OAK,K,33,11,11,0,11,0,Hue Jackson,0,1,-4.9
janikseb01,2012,OAK,K,34,12,12,0,12,0,Dennis Allen,0,1,-10.8
janikseb01,2013,OAK,K,35,13,13,0,13,0,Dennis Allen,1,0,-8
janikseb01,2014,OAK,K;P,36,14,0,1,14,0,Tony Sparano;Dennis Allen,0,1,-9
janikseb01,2015,OAK,K,37,15,0,1,15,0,Jack Del Rio,0,1,-0.2
janikseb01,2016,OAK,K,38,16,1,0,16,0,Jack Del Rio,1,0,3.2
janikseb01,2018,SEA,K,40,17,2,0,0,1,Pete Carroll,0,1,4.5
JarrCr20,2002,WAS,P,23,0,0,1,0,1,Steve Spurrier,0,1,-4.4
JennDa20,1974,NYG,P,22,0,0,1,0,1,Bill Arnsparger,0,1,-5.6
JennDa20,1975,NYG,P,23,1,1,0,1,0,Bill Arnsparger,1,0,-6.8
JennDa20,1976,NYG,P,24,2,2,0,2,0,John McVay;Bill Arnsparger,0,1,-3.4
JennDa20,1977,NYG,P,25,3,3,0,3,0,John McVay,0,1,-6.2
JennDa20,1978,NYG,P,26,4,4,0,4,0,John McVay,1,0,-2.4
JennDa20,1979,NYG,P,27,5,5,0,5,0,Ray Perkins,0,1,-6.2
JennDa20,1980,NYG,P,28,6,6,0,6,0,Ray Perkins,1,0,-9.8
JennDa20,1981,NYG,P,29,7,7,0,7,0,Ray Perkins,2,0,3.3
JennDa20,1982,NYG,P,30,8,8,0,8,0,Ray Perkins,3,0,1
JennDa20,1983,NYG,P,31,9,9,0,9,0,Bill Parcells,0,1,-2.1
JennDa20,1984,NYG,P,32,10,10,0,10,0,Bill Parcells,1,0,0.9
JennDa20,1985,NYJ,P,33,11,11,0,0,1,Joe Walton,0,1,9
JennDa20,1986,NYJ,P,34,12,12,0,1,0,Joe Walton,1,0,-1.3
JennDa20,1987,NYJ,P,35,13,13,0,2,0,Joe Walton,2,0,-1.4
JettJo21,1993,DAL,P,24,0,0,1,0,1,Jimmy Johnson,0,1,9.6
JettJo21,1994,DAL,P,25,1,1,0,1,0,Barry Switzer,0,1,10.1
JettJo21,1995,DAL,P,26,2,2,0,2,0,Barry Switzer,1,0,9.7
JettJo21,1996,DAL,P,27,3,3,0,3,0,Barry Switzer,2,0,2.4
JettJo21,1997,DET,P,28,4,4,0,0,1,Bobby Ross,0,1,3.9
JettJo21,1998,DET,P,29,5,5,0,1,0,Bobby Ross,1,0,-3.4
JettJo21,1999,DET,P,30,6,6,0,2,0,Bobby Ross,2,0,1.9
JettJo21,2000,DET,P,31,7,7,0,3,0,Bobby Ross;Gary Moeller,0,1,1.4
JettJo21,2001,DET,P,32,8,8,0,4,0,Marty Mornhinweg,0,1,-7.2
JettJo21,2002,DET,P,33,9,9,0,5,0,Marty Mornhinweg,1,0,-9.2
JettJo21,2003,DET,P,34,10,10,0,6,0,Steve Mariucci,0,1,-5.9
JohnBi21,1970,NYG,P,26,0,0,1,0,1,Alex Webster,0,1,2
JohnDi20,2002,NOR,P,27,0,0,1,0,1,Jim Haslett,0,1,2.5
JohnDi20,2003,PHI,P,28,1,1,0,0,1,Andy Reid,0,1,4.4
JohnDi20,2004,PHI,P,29,2,2,0,1,0,Andy Reid,1,0,5.5
JohnDi20,2005,PHI,P,30,3,3,0,2,0,Andy Reid,2,0,-2.4
JohnDi20,2006,PHI,P,31,4,4,0,3,0,Andy Reid,3,0,3.4
JohnDi20,2007,CHI,P,32,5,5,0,0,1,Lovie Smith,0,1,1.2
JohnDi20,2008,ARI,P,33,6,6,0,0,1,Ken Whisenhunt,0,1,-1.9
JohnDi20,2009,TAM,P,34,7,7,0,0,1,Raheem Morris,0,1,-5.7
JohnEd22,2003,MIN,P,22,0,0,1,0,1,Mike Tice,0,1,2.9
johnslee01,1985,HOU,P,23,0,0,1,0,1,Hugh Campbell;Jerry Glanville,0,1,-8.9
johnslee01,1986,HOU,P,24,1,1,0,1,0,Jerry Glanville,0,1,-4
johnslee01,1987,HOU;CLE,P,25,2,2,0,0,1,Jerry Glanville;Marty Schottenheimer,0,1,4.2
johnslee01,1988,CLE;CIN,P,26,3,3,0,0,1,Marty Schottenheimer;Sam Wyche,0,1,4.98
johnslee01,1989,CIN,P,27,4,4,0,0,1,Sam Wyche,0,1,7
johnslee01,1990,CIN,P,28,5,5,0,1,0,Sam Wyche,1,0,-1.1
johnslee01,1991,CIN,P,29,6,6,0,2,0,Sam Wyche,2,0,-8.7
johnslee01,1992,CIN,P,30,7,7,0,3,0,David Shula,0,1,-6.6
johnslee01,1993,CIN,P,31,8,8,0,4,0,David Shula,1,0,-8.4
johnslee01,1994,CIN,P,32,9,9,0,5,0,David Shula,2,0,-7
johnslee01,1995,CIN,P,33,10,10,0,6,0,David Shula,3,0,-1.8
johnslee01,1996,CIN,P,34,11,11,0,7,0,Bruce Coslet;David Shula,0,1,-0.1
johnslee01,1997,CIN,P,35,12,12,0,8,0,Bruce Coslet,0,1,-2.2
johnslee01,1998,CIN,P,36,13,13,0,9,0,Bruce Coslet,1,0,-11
johnslee01,1999,NWE,P,37,14,14,0,0,1,Pete Carroll,0,1,2.2
johnslee01,2000,NWE,P,38,15,15,0,1,0,Bill Belichick,0,1,-2.5
johnslee01,2001,NWE;MIN,P,39,16,16,0,0,1,Bill Belichick;Dennis Green;Mike Tice,0,1,0.3
johnslee01,2002,PHI,P,40,17,17,0,0,1,Andy Reid,0,1,8.3
JoneCh02,2011,DAL,P,22,0,0,1,0,1,Jason Garrett,0,1,1.6
JoneCh02,2012,DAL,P,23,1,1,0,1,0,Jason Garrett,1,0,0.2
JoneCh02,2013,DAL,P,24,2,2,0,2,0,Jason Garrett,2,0,-0.7
JoneCh02,2014,DAL,OC;P,25,3,0,1,3,0,Jason Garrett,3,0,5.4
JoneCh02,2015,DAL,P,26,4,0,1,4,0,Jason Garrett,4,0,-6.9
JoneCh02,2016,DAL,P,27,5,1,0,5,0,Jason Garrett,5,0,7
JoneCh02,2017,DAL,P,28,6,2,0,6,0,Jason Garrett,6,0,1.6
JoneCh02,2018,DAL,P,29,7,3,0,7,0,Jason Garrett,7,0,1
JoneDo21,2004,SEA,P,24,0,0,1,0,1,Mike Holmgren,0,1,-2.9
JoneDo21,2005,MIA,P,25,1,1,0,0,1,Nick Saban,0,1,-0.8
JoneDo21,2006,MIA,P,26,2,2,0,1,0,Nick Saban,1,0,0.7
JoneDo21,2007,STL,P,27,3,3,0,0,1,Scott Linehan,0,1,-13
JoneDo21,2008,STL,P,28,4,4,0,1,0,Jim Haslett;Scott Linehan,0,1,-15.1
JoneDo21,2009,STL,P,29,5,5,0,2,0,Steve Spagnuolo,0,1,-17.5
JoneDo21,2010,STL,P,30,6,6,0,3,0,Steve Spagnuolo,1,0,-6.7
JoneDo21,2011,STL,P,31,7,7,0,4,0,Steve Spagnuolo,2,0,-10.5
JoneDo21,2012,HOU,P,32,8,8,0,0,1,Gary Kubiak,0,1,3.5
JoneDo21,2013,PHI,P,33,9,9,0,0,1,Chip Kelly,0,1,1.8
JoneDo21,2014,PHI,P,34,10,10,0,1,0,Chip Kelly,1,0,3.9
JoneDo21,2015,PHI,P,35,11,11,0,2,0,Chip Kelly;Pat Shurmur,0,1,-4.6
JoneDo21,2016,PHI,P,36,12,12,0,3,0,Doug Pederson,0,1,3.8
JoneDo21,2017,PHI,P,37,13,13,0,4,0,Doug Pederson,1,0,9.5
JoneDo21,2018,LAC,P,38,14,14,0,0,1,Anthony Lynn,0,1,5.9
JoneSp20,1970,HOU,P,23,0,0,1,0,1,Wally Lemm,0,1,-9.3
JoneSp20,1971,BUF,P,24,1,1,0,0,1,Harvey Johnson,0,1,-13.4
JoneSp20,1972,BUF,P,25,2,2,0,1,0,Lou Saban,0,1,-7.2
JoneSp20,1973,BUF,P,26,3,3,0,2,0,Lou Saban,1,0,0.3
JoneSp20,1974,BUF,P,27,4,4,0,3,0,Lou Saban,2,0,1.1
JoneSp20,1975,PHI,P,28,5,5,0,0,1,Mike McCormack,0,1,-4.6
JoneSp20,1976,PHI,P,29,6,6,0,1,0,Dick Vermeil,0,1,-8.7
JoneSp20,1977,PHI,P,30,7,7,0,2,0,Dick Vermeil,1,0,-0.6
JoycTe20,1976,STL,P,22,0,0,1,0,1,Don Coryell,0,1,2.5
JoycTe20,1977,STL,P,23,1,1,0,1,0,Don Coryell,1,0,-1.4
KapiJe20,2007,NYJ,P,23,0,0,1,0,1,Eric Mangini,0,1,-3.7
KapiJe20,2008,GNB,P,24,1,1,0,0,1,Mike McCarthy,0,1,2.9
KapiJe20,2009,GNB,P,25,2,2,0,1,0,Mike McCarthy,1,0,7.4
KapiJe20,2010,PIT;IND,P,26,3,3,0,0,1,Mike Tomlin;Jim Caldwell,0,1,8.72
KapiJe20,2011,PIT,P,27,4,4,0,0,1,Mike Tomlin,0,1,5.2
KaseDr00,2016,SDG,P,23,0,0,1,0,1,Mike McCoy,0,1,0
KaseDr00,2017,LAC,P,24,1,1,0,0,1,Anthony Lynn,0,1,3.7
KaseDr00,2018,LAC,P,25,2,2,0,1,0,Anthony Lynn,1,0,5.9
KeitGa00,1973,STL,P,22,0,0,1,0,1,Don Coryell,0,1,-3.3
KernBr20,2008,DEN,P,22,0,0,1,0,1,Mike Shanahan,0,1,-5.8
KernBr20,2009,TEN;DEN,P,23,1,1,0,0,1,Jeff Fisher;Josh McDaniels,0,1,-1.575
KernBr20,2010,TEN,P,24,2,2,0,0,1,Jeff Fisher,0,1,1
KernBr20,2011,TEN,P,25,3,3,0,1,0,Mike Munchak,0,1,-1
KernBr20,2012,TEN,P,26,4,4,0,2,0,Mike Munchak,1,0,-10
KernBr20,2013,TEN,P,27,5,5,0,3,0,Mike Munchak,2,0,-0.8
KernBr20,2014,TEN,P,28,6,6,0,4,0,Ken Whisenhunt,0,1,-11.9
KernBr20,2015,TEN,P,29,7,7,0,5,0,Mike Mularkey;Ken Whisenhunt,0,1,-10.5
KernBr20,2016,TEN,P,30,8,8,0,6,0,Mike Mularkey,0,1,-1
KernBr20,2017,TEN,P,31,9,9,0,7,0,Mike Mularkey,1,0,-3.5
KernBr20,2018,TEN,P,32,10,10,0,8,0,Mike Vrabel,0,1,0.3
KersMe20,1974,PHI,P,24,0,0,1,0,1,Mike McCormack,0,1,3
KersMe20,1975,PHI,P,25,1,1,0,1,0,Mike McCormack,1,0,-4.6
KiddJo20,1984,BUF,P,23,0,0,1,0,1,Kay Stephenson,0,1,-12
KiddJo20,1985,BUF,P,24,1,1,0,1,0,Hank Bullough;Kay Stephenson,0,1,-9.7
KiddJo20,1986,BUF,P,25,2,2,0,2,0,Marv Levy;Hank Bullough,0,1,-5.8
KiddJo20,1987,BUF,P,26,3,3,0,3,0,Marv Levy,0,1,-0.2
KiddJo20,1988,BUF,P,27,4,4,0,4,0,Marv Levy,1,0,6.4
KiddJo20,1989,BUF,P,28,5,5,0,5,0,Marv Levy,2,0,4.3
KiddJo20,1990,SDG,P,29,6,6,0,0,1,Dan Henning,0,1,2.4
KiddJo20,1991,SDG,P,30,7,7,0,1,0,Dan Henning,1,0,-2.3
KiddJo20,1992,SDG,P,31,8,8,0,2,0,Bobby Ross,0,1,3.2
KiddJo20,1993,SDG,P,32,9,9,0,3,0,Bobby Ross,1,0,2.2
KiddJo20,1994,SDG;MIA,P,33,10,10,0,0,1,Bobby Ross;Don Shula,0,1,4
KiddJo20,1995,MIA,P,34,11,11,0,0,1,Don Shula,0,1,2.7
KiddJo20,1996,MIA,P,35,12,12,0,1,0,Jimmy Johnson,0,1,0.2
KiddJo20,1997,MIA,P,36,13,13,0,2,0,Jimmy Johnson,1,0,1.3
KiddJo20,1998,NYJ;DET,P,37,14,14,0,0,1,Bill Parcells;Bobby Ross,0,1,8.28
KingMa00,2012,OAK,P,23,0,0,1,0,1,Dennis Allen,0,1,-10.8
KingMa00,2013,OAK,P,24,1,1,0,1,0,Dennis Allen,1,0,-8
KingMa00,2014,OAK,P,25,2,2,0,2,0,Tony Sparano;Dennis Allen,0,1,-9
KingMa00,2015,OAK,P,26,3,3,0,3,0,Jack Del Rio,0,1,-0.2
KingMa00,2016,OAK,P,27,4,4,0,4,0,Jack Del Rio,1,0,3.2
KingMa00,2017,OAK,P,28,5,5,0,5,0,Jack Del Rio,2,0,-4.8
KingMa00,2018,DEN,P,29,6,6,0,0,1,Vance Joseph,0,1,-0.5
KinzMa20,1987,DET,P,24,0,0,1,0,1,Darryl Rogers,0,1,-9.9
KluwCh20,2005,MIN,P,23,0,0,1,0,1,Mike Tice,0,1,-3.5
KluwCh20,2006,MIN,P,24,1,1,0,1,0,Brad Childress,0,1,-4.1
KluwCh20,2007,MIN,P,25,2,2,0,2,0,Brad Childress,1,0,3.8
KluwCh20,2008,MIN,P,26,3,3,0,3,0,Brad Childress,2,0,4
KluwCh20,2009,MIN,P,27,4,4,0,4,0,Brad Childress,3,0,7.2
KluwCh20,2010,MIN,P,28,5,5,0,5,0,Leslie Frazier;Brad Childress,0,1,-1.6
KluwCh20,2011,MIN,P,29,6,6,0,6,0,Leslie Frazier,0,1,-5.7
KluwCh20,2012,MIN,P,30,7,7,0,7,0,Leslie Frazier,1,0,3.4
knorrmic01,2000,DAL,P,25,0,0,1,0,1,Dave Campo,0,1,-4.5
knorrmic01,2001,DAL,P,26,1,1,0,1,0,Dave Campo,1,0,-6
knorrmic01,2002,DEN;DAL,P,27,2,2,0,0,1,Mike Shanahan;Dave Campo,0,1,-1.353333333
knorrmic01,2003,DEN,P,28,3,3,0,0,1,Mike Shanahan,0,1,5.5
knorrmic01,2004,DEN,P,29,4,4,0,1,0,Mike Shanahan,1,0,5.9
KochSa20,2006,BAL,P,24,0,0,1,0,1,Brian Billick,0,1,9.3
KochSa20,2007,BAL,P,25,1,1,0,1,0,Brian Billick,1,0,-6.8
KochSa20,2008,BAL,P,26,2,2,0,2,0,John Harbaugh,0,1,9.8
KochSa20,2009,BAL,P,27,3,3,0,3,0,John Harbaugh,1,0,7.5
KochSa20,2010,BAL,P,28,4,4,0,4,0,John Harbaugh,2,0,6.4
KochSa20,2011,BAL,P,29,5,5,0,5,0,John Harbaugh,3,0,6.1
KochSa20,2012,BAL,P,30,6,6,0,6,0,John Harbaugh,4,0,2.9
KochSa20,2013,BAL,P,31,7,7,0,7,0,John Harbaugh,5,0,-3.6
KochSa20,2014,BAL,P,32,8,8,0,8,0,John Harbaugh,6,0,4.6
KochSa20,2015,BAL,P,33,9,9,0,9,0,John Harbaugh,7,0,-1.9
KochSa20,2016,BAL,P,34,10,10,0,10,0,John Harbaugh,8,0,1.5
KochSa20,2017,BAL,P,35,11,11,0,11,0,John Harbaugh,9,0,3.4
KochSa20,2018,BAL,P,36,12,12,0,12,0,John Harbaugh,10,0,7
koenemic01,2005,ATL,P,23,0,0,1,0,1,Jim Mora,0,1,-1.2
koenemic01,2006,ATL,P,24,1,1,0,1,0,Jim Mora,1,0,-3
koenemic01,2007,ATL,P,25,2,2,0,2,0,Bobby Petrino;Emmitt Thomas,0,1,-10.6
koenemic01,2008,ATL,P,26,3,3,0,3,0,Mike Smith,0,1,3.8
koenemic01,2009,ATL,P,27,4,4,0,4,0,Mike Smith,1,0,5
koenemic01,2010,ATL,P,28,5,5,0,5,0,Mike Smith,2,0,6
koenemic01,2011,TAM,P,29,6,6,0,0,1,Raheem Morris,0,1,-10.6
koenemic01,2012,TAM,P,30,7,7,0,1,0,Greg Schiano,0,1,0
koenemic01,2013,TAM,P,31,8,8,0,2,0,Greg Schiano,1,0,-2.6
koenemic01,2014,TAM,P,32,9,9,0,3,0,Lovie Smith,0,1,-9.8
LaFlBi20,2002,SFO,P,26,0,0,1,0,1,Steve Mariucci,0,1,0.6
LaFlBi20,2003,SFO,P,27,1,1,0,1,0,Dennis Erickson,0,1,3.1
LandSe20,1985,NYG,P,23,0,0,1,0,1,Bill Parcells,0,1,3.9
LandSe20,1986,NYG,P,24,1,1,0,1,0,Bill Parcells,1,0,9
LandSe20,1987,NYG,P,25,2,2,0,2,0,Bill Parcells,2,0,-0.7
LandSe20,1988,NYG,P,26,3,3,0,3,0,Bill Parcells,3,0,2.2
LandSe20,1989,NYG,P,27,4,4,0,4,0,Bill Parcells,4,0,6.5
LandSe20,1990,NYG,P,28,5,5,0,5,0,Bill Parcells,5,0,7.6
LandSe20,1991,NYG,P,29,6,6,0,6,0,Ray Handley,0,1,0.9
LandSe20,1992,NYG,P,30,7,7,0,7,0,Ray Handley,1,0,-1.8
LandSe20,1993,RAM;NYG,P,31,8,8,0,0,1,Chuck Knox;Dan Reeves,0,1,-1.9
LandSe20,1994,RAM,P,32,9,9,0,0,1,Chuck Knox,0,1,-5.3
LandSe20,1995,STL,P,33,10,10,0,0,1,Rich Brooks,0,1,-6.4
LandSe20,1996,STL,P,34,11,11,0,1,0,Rich Brooks,1,0,-6.3
LandSe20,1997,TAM,P,35,12,12,0,0,1,Tony Dungy,0,1,2.7
LandSe20,1998,GNB,P,36,13,13,0,0,1,Mike Holmgren,0,1,5
LandSe20,1999,PHI,P,37,14,14,0,0,1,Andy Reid,0,1,-4.2
LandSe20,2000,PHI,P,38,15,15,0,1,0,Andy Reid,1,0,3.1
LandSe20,2001,PHI,P,39,16,16,0,2,0,Andy Reid,2,0,7.7
LandSe20,2002,PHI,P,40,17,17,0,3,0,Andy Reid,3,0,8.3
LandSe20,2003,STL,P,41,18,18,0,0,1,Mike Martz,0,1,5.8
LandSe20,2004,STL,P,42,19,19,0,1,0,Mike Martz,1,0,-6
LandSe20,2005,PHI,P,43,20,20,0,0,1,Andy Reid,0,1,-2.4
LannSp00,2013,CLE,P,25,0,0,1,0,1,Rob Chudzinski,0,1,-7.7
LannSp00,2014,CLE,P,26,1,1,0,1,0,Mike Pettine,0,1,-3.9
LannSp00,2015,CHI,P,27,2,2,0,0,1,John Fox,0,1,-1.3
LarsKy20,2004,CIN,P,23,0,0,1,0,1,Marvin Lewis,0,1,2.7
LarsKy20,2005,CIN,P,24,1,1,0,1,0,Marvin Lewis,1,0,3.8
LarsKy20,2006,CIN,P,25,2,2,0,2,0,Marvin Lewis,2,0,4
LarsKy20,2007,CIN,P,26,3,3,0,3,0,Marvin Lewis,3,0,-2.4
LarsKy20,2008,CIN,P,27,4,4,0,4,0,Marvin Lewis,4,0,-7
LechSh20,2000,OAK,P,24,0,0,1,0,1,Jon Gruden,0,1,9.8
LechSh20,2001,OAK,P,25,1,1,0,1,0,Jon Gruden,1,0,3.6
LechSh20,2002,OAK,P,26,2,2,0,2,0,Bill Callahan,0,1,10.6
LechSh20,2003,OAK,P,27,3,3,0,3,0,Bill Callahan,1,0,-5.5
LechSh20,2004,OAK,P,28,4,4,0,4,0,Norv Turner,0,1,-4.3
LechSh20,2005,OAK,P,29,5,5,0,5,0,Norv Turner,1,0,-2.8
LechSh20,2006,OAK,P,30,6,6,0,6,0,Art Shell,0,1,-9.6
LechSh20,2007,OAK,P,31,7,7,0,7,0,Lane Kiffin,0,1,-6
LechSh20,2008,OAK,P,32,8,8,0,8,0,Tom Cable;Lane Kiffin,0,1,-7.5
LechSh20,2009,OAK,P,33,9,9,0,9,0,Tom Cable,0,1,-10.3
LechSh20,2010,OAK,P,34,10,10,0,10,0,Tom Cable,1,0,0.1
LechSh20,2011,OAK,P,35,11,11,0,11,0,Hue Jackson,0,1,-4.9
LechSh20,2012,OAK,P,36,12,12,0,12,0,Dennis Allen,0,1,-10.8
LechSh20,2013,HOU,P,37,13,13,0,0,1,Gary Kubiak;Wade Phillips,0,1,-7.6
LechSh20,2014,HOU,P,38,14,14,0,1,0,Bill O'Brien,0,1,1.7
LechSh20,2015,HOU,P,39,15,15,0,2,0,Bill O'Brien,1,0,-0.7
LechSh20,2016,HOU,P,40,16,16,0,3,0,Bill O'Brien,2,0,-2.6
LechSh20,2017,HOU,P,41,17,17,0,4,0,Bill O'Brien,3,0,-6.4
LeexAn20,2004,SFO,P,22,0,0,1,0,1,Dennis Erickson,0,1,-13.7
LeexAn20,2005,SFO,P,23,1,1,0,1,0,Mike Nolan,0,1,-11.1
LeexAn20,2006,SFO,P,24,2,2,0,2,0,Mike Nolan,1,0,-8.7
LeexAn20,2007,SFO,P,25,3,3,0,3,0,Mike Nolan,2,0,-11.9
LeexAn20,2008,SFO,P,26,4,4,0,4,0,Mike Singletary;Mike Nolan,0,1,-5.3
LeexAn20,2009,SFO,P,27,5,5,0,5,0,Mike Singletary,0,1,0.1
LeexAn20,2010,SFO,P,28,6,6,0,6,0,Mike Singletary;Jim Tomsula,0,1,-5.8
LeexAn20,2011,SFO,P,29,7,7,0,7,0,Jim Harbaugh,0,1,8.3
LeexAn20,2012,SFO,P,30,8,8,0,8,0,Jim Harbaugh,1,0,10.2
LeexAn20,2013,SFO,P,31,9,9,0,9,0,Jim Harbaugh,2,0,10.1
LeexAn20,2014,SFO,P,32,10,10,0,10,0,Jim Harbaugh,3,0,-0.9
LeexAn20,2015,CLE,P,33,11,11,0,0,1,Mike Pettine,0,1,-6.1
LeexAn20,2016,CAR,P,34,12,12,0,0,1,Ron Rivera,0,1,-1
LeexAn20,2017,ARI,P,35,13,13,0,0,1,Bruce Arians,0,1,-3.8
LeexAn20,2018,ARI,P,36,14,14,0,1,0,Steve Wilks,0,1,-11.5
LewiDa22,1970,CIN,P,24,0,0,1,0,1,Paul Brown,0,1,0.6
LewiDa22,1971,CIN,P,25,1,1,0,1,0,Paul Brown,1,0,-0.5
LewiDa22,1972,CIN,P,26,2,2,0,2,0,Paul Brown,2,0,4.2
LewiDa22,1973,CIN,P,27,3,3,0,3,0,Paul Brown,3,0,3
littlste01,1978,STL,K,22,0,0,1,0,1,Bud Wilkinson,0,1,-2.6
littlste01,1979,STL,K;P,23,1,0,1,1,0,Bud Wilkinson;Larry Wilson,0,1,-2.7
littlste01,1980,STL,K,24,2,0,1,2,0,Jim Hanifan,0,1,-2.4
LockJe00,2013,MIN,P,23,0,0,1,0,1,Leslie Frazier,0,1,-6.7
LockJe00,2014,MIN,P,24,1,1,0,1,0,Mike Zimmer,0,1,-1.7
LockJe00,2015,MIN,P,25,2,2,0,2,0,Mike Zimmer,1,0,5.8
LockJe00,2016,MIN,P,26,3,3,0,3,0,Mike Zimmer,2,0,1
LockJe00,2017,DET,P,27,4,4,0,0,1,Jim Caldwell,0,1,2.7
MaloRo00,2010,TAM,P,22,0,0,1,0,1,Raheem Morris,0,1,-0.6
MaloRo00,2011,DET,P,23,1,1,0,0,1,Jim Schwartz,0,1,6.1
MaloRo00,2012,NYJ,P,24,2,2,0,0,1,Rex Ryan,0,1,-6
MaloRo00,2013,NYJ,P,25,3,3,0,1,0,Rex Ryan,1,0,-6.1
MartSa01,2013,DET,P,23,0,0,1,0,1,Jim Schwartz,0,1,-1.7
MartSa01,2014,DET,P,24,1,1,0,1,0,Jim Caldwell,0,1,2
MartSa01,2015,DET,P,25,2,2,0,2,0,Jim Caldwell,1,0,-0.3
MartSa01,2016,DET,P,26,3,3,0,3,0,Jim Caldwell,2,0,-1.4
MartSa01,2017,DET,P,27,4,4,0,4,0,Jim Caldwell,3,0,2.7
MartSa01,2018,DET,P,28,5,5,0,5,0,Matt Patricia,0,1,-3
MastTi99,2010,GNB,P,23,0,0,1,0,1,Mike McCarthy,0,1,11
MastTi99,2011,GNB,P,24,1,1,0,1,0,Mike McCarthy,1,0,11.4
MastTi99,2012,GNB,P,25,2,2,0,2,0,Mike McCarthy,2,0,7.3
MastTi99,2013,GNB,P,26,3,3,0,3,0,Mike McCarthy,3,0,-3.1
MastTi99,2014,GNB,P,27,4,4,0,4,0,Mike McCarthy,4,0,8.3
MastTi99,2015,GNB,P,28,5,5,0,5,0,Mike McCarthy,5,0,5.3
MaynBr20,1997,NYG,P,23,0,0,1,0,1,Jim Fassel,0,1,1.5
MaynBr20,1998,NYG,P,24,1,1,0,1,0,Jim Fassel,1,0,-3.2
MaynBr20,1999,NYG,P,25,2,2,0,2,0,Jim Fassel,2,0,-3
MaynBr20,2000,NYG,P,26,3,3,0,3,0,Jim Fassel,3,0,2.5
MaynBr20,2001,CHI,P,27,4,4,0,0,1,Dick Jauron,0,1,8
MaynBr20,2002,CHI,P,28,5,5,0,1,0,Dick Jauron,1,0,-5.3
MaynBr20,2003,CHI,P,29,6,6,0,2,0,Dick Jauron,2,0,-3.5
MaynBr20,2004,CHI,P,30,7,7,0,3,0,Lovie Smith,0,1,-8.2
MaynBr20,2005,CHI,P,31,8,8,0,4,0,Lovie Smith,1,0,1.4
MaynBr20,2006,CHI,P,32,9,9,0,5,0,Lovie Smith,2,0,7.9
MaynBr20,2007,CHI,P,33,10,10,0,6,0,Lovie Smith,3,0,1.2
MaynBr20,2008,CHI,P,34,11,11,0,7,0,Lovie Smith,4,0,2.1
MaynBr20,2009,CHI,P,35,12,12,0,8,0,Lovie Smith,5,0,-3.9
MaynBr20,2010,CHI,P,36,13,13,0,9,0,Lovie Smith,6,0,4.1
MaynBr20,2011,CLE,P,37,14,14,0,0,1,Pat Shurmur,0,1,-5.4
McAfPa44,2009,IND,P,22,0,0,1,0,1,Jim Caldwell,0,1,5.9
McAfPa44,2010,IND,P,23,1,1,0,1,0,Jim Caldwell,1,0,2.8
McAfPa44,2011,IND,P,24,2,2,0,2,0,Jim Caldwell,2,0,-11.3
McAfPa44,2012,IND,P,25,3,3,0,3,0,Chuck Pagano,0,1,-4.7
McAfPa44,2013,IND,P,26,4,4,0,4,0,Chuck Pagano,1,0,4
McAfPa44,2014,IND,P;K,27,5,0,1,5,0,Chuck Pagano,2,0,4.4
McAfPa44,2015,IND,P,28,6,0,1,6,0,Chuck Pagano,3,0,-6.7
McAfPa44,2016,IND,P,29,7,1,0,7,0,Chuck Pagano,4,0,0.4
McBrMa20,2004,DAL,P,25,0,0,1,0,1,Bill Parcells,0,1,-7.8
McBrMa20,2005,DAL,P,26,1,1,0,1,0,Bill Parcells,1,0,3.1
McBrMa20,2006,DAL,P,27,2,2,0,2,0,Bill Parcells,2,0,3.7
McBrMa20,2007,DAL,P,28,3,3,0,3,0,Wade Phillips,0,1,9.5
McBrMa20,2008,DAL,P,29,4,4,0,4,0,Wade Phillips,1,0,0.5
McBrMa20,2009,DAL,P,30,5,5,0,5,0,Wade Phillips,2,0,7.1
McBrMa20,2010,DAL,P,31,6,6,0,6,0,Jason Garrett;Wade Phillips,0,1,-2.2
McBrMa20,2011,DAL,P,32,7,7,0,7,0,Jason Garrett,0,1,1.6
McBrMa20,2012,PHI,P,33,8,8,0,0,1,Andy Reid,0,1,-8.9
McBrMa20,2013,PIT,P,34,9,9,0,0,1,Mike Tomlin,0,1,-1.9
McBrMa20,2014,SDG,P,35,10,10,0,0,1,Mike McCoy,0,1,1.9
McCaJi21,1971,SFO,P,22,0,0,1,0,1,Dick Nolan,0,1,6.2
McCaJi21,1972,SFO,P,23,1,1,0,1,0,Dick Nolan,1,0,6.4
McCaJi21,1973,NYG,P,24,2,2,0,0,1,Alex Webster,0,1,-7.5
McCaJi21,1975,KAN,P,26,3,3,0,0,1,Paul Wiggin,0,1,-4.3
McCaSh20,1991,NWE,P,23,0,0,1,0,1,Dick MacPherson,0,1,-8.7
McCaSh20,1992,NWE,P,24,1,1,0,1,0,Dick MacPherson,1,0,-11
McGeRi01,2011,CLE,P,28,0,0,1,0,1,Pat Shurmur,0,1,-5.4
McInPa00,1976,CIN,P,23,0,0,1,0,1,Bill Johnson,0,1,10.1
McInPa00,1977,CIN,P,24,1,1,0,1,0,Bill Johnson,1,0,2.2
McInPa00,1978,CIN,P,25,2,2,0,2,0,Homer Rice;Bill Johnson,0,1,-1.4
McInPa00,1979,CIN,P,26,3,3,0,3,0,Homer Rice,0,1,-1.3
McInPa00,1980,CIN,P;WR,27,4,0,1,4,0,Forrest Gregg,0,1,-3.7
McInPa00,1981,CIN,P,28,5,0,1,5,0,Forrest Gregg,1,0,5.5
McInPa00,1982,CIN,P,29,6,1,0,6,0,Forrest Gregg,2,0,3.7
McInPa00,1983,CIN,P,30,7,2,0,7,0,Forrest Gregg,3,0,0.5
McInPa00,1984,CIN,P,31,8,3,0,8,0,Sam Wyche,0,1,-1.1
McInPa00,1985,CIN,P,32,9,4,0,9,0,Sam Wyche,1,0,-0.7
McJuPa20,1991,GNB,P,26,0,0,1,0,1,Lindy Infante,0,1,-4.7
McJuPa20,1992,GNB,P,27,1,1,0,1,0,Mike Holmgren,0,1,-1.6
McJuPa20,1993,RAM,P,28,2,2,0,0,1,Chuck Knox,0,1,-8.4
MelvDa20,1979,SFO,P,23,0,0,1,0,1,Bill Walsh,0,1,-7.4
MeskZo99,2010,NWE,P,24,0,0,1,0,1,Bill Belichick,0,1,15.4
MeskZo99,2011,NWE,P,25,1,1,0,1,0,Bill Belichick,1,0,9.3
MeskZo99,2012,NWE,P,26,2,2,0,2,0,Bill Belichick,2,0,12.7
MeskZo99,2013,PIT;CIN,P,27,3,3,0,0,1,Mike Tomlin;Marvin Lewis,0,1,-1
MichMi21,1977,MIA,P,23,0,0,1,0,1,Don Shula,0,1,7.9
MichMi21,1978,PHI,P,24,1,1,0,0,1,Dick Vermeil,0,1,2.3
MillJi22,1980,SFO,P,23,0,0,1,0,1,Bill Walsh,0,1,-6.3
MillJi22,1981,SFO,P,24,1,1,0,1,0,Bill Walsh,1,0,6.3
MillJi22,1982,SFO,P,25,2,2,0,2,0,Bill Walsh,2,0,-2.5
MillJi22,1983,DAL,P,26,3,3,0,0,1,Tom Landry,0,1,8.5
MillJi22,1984,DAL,P,27,4,4,0,1,0,Tom Landry,1,0,1
MillJi22,1987,NYG,P,30,5,5,0,0,1,Bill Parcells,0,1,-0.7
MillJo25,1996,PIT,P,26,0,0,1,0,1,Bill Cowher,0,1,5.1
MillJo25,1997,PIT,P,27,1,1,0,1,0,Bill Cowher,1,0,5.3
MillJo25,1998,PIT,P,28,2,2,0,2,0,Bill Cowher,2,0,-3.8
MillJo25,1999,PIT,P,29,3,3,0,3,0,Bill Cowher,3,0,-2.4
MillJo25,2000,PIT,P,30,4,4,0,4,0,Bill Cowher,4,0,3.9
MillJo25,2001,PIT,P,31,5,5,0,5,0,Bill Cowher,5,0,7.3
MillJo25,2002,PIT,P,32,6,6,0,6,0,Bill Cowher,6,0,2.7
MillJo25,2003,PIT,P,33,7,7,0,7,0,Bill Cowher,7,0,-1.1
MillJo25,2004,NWE,P,34,8,8,0,0,1,Bill Belichick,0,1,12.9
MillJo25,2005,NWE,P,35,9,9,0,1,0,Bill Belichick,1,0,3.2
MillJo25,2006,NWE,P,36,10,10,0,2,0,Bill Belichick,2,0,10.2
MillJo25,2007,TEN,P,37,11,11,0,0,1,Jeff Fisher,0,1,0.7
MiskJo20,1982,RAM,P,27,0,0,1,0,1,Ray Malavasi,0,1,-7
MiskJo20,1983,RAM,P,28,1,1,0,1,0,John Robinson,0,1,2.9
MiskJo20,1984,RAM,P,29,2,2,0,2,0,John Robinson,1,0,2.3
MiskJo20,1987,DET,P,32,3,3,0,0,1,Darryl Rogers,0,1,-9.9
MohrCh20,1989,TAM,P,23,0,0,1,0,1,Ray Perkins,0,1,-5.1
MohrCh20,1991,BUF,P,25,1,1,0,0,1,Marv Levy,0,1,3.5
MohrCh20,1992,BUF,P,26,2,2,0,1,0,Marv Levy,1,0,4.3
MohrCh20,1993,BUF,P,27,3,3,0,2,0,Marv Levy,2,0,4.8
MohrCh20,1994,BUF,P,28,4,4,0,3,0,Marv Levy,3,0,-0.3
MohrCh20,1995,BUF,P,29,5,5,0,4,0,Marv Levy,4,0,-0.9
MohrCh20,1996,BUF,P,30,6,6,0,5,0,Marv Levy,5,0,2.9
MohrCh20,1997,BUF,P,31,7,7,0,6,0,Marv Levy,6,0,-4.5
MohrCh20,1998,BUF,P,32,8,8,0,7,0,Wade Phillips,0,1,5.1
MohrCh20,1999,BUF,P,33,9,9,0,8,0,Wade Phillips,1,0,7.2
MohrCh20,2000,BUF,P,34,10,10,0,9,0,Wade Phillips,2,0,0
MohrCh20,2001,ATL,P,35,11,11,0,0,1,Dan Reeves,0,1,-4.7
MohrCh20,2002,ATL,P,36,12,12,0,1,0,Dan Reeves,1,0,5
MohrCh20,2003,ATL,P,37,13,13,0,2,0,Dan Reeves;Wade Phillips,0,1,-7.4
MohrCh20,2004,ATL,P,38,14,14,0,3,0,Jim Mora,0,1,-2.2
MojsRa20,1985,SDG,P,22,0,0,1,0,1,Don Coryell,0,1,1.1
MojsRa20,1986,SDG,P,23,1,1,0,1,0,Al Saunders;Don Coryell,0,1,-1.9
MojsRa20,1987,SDG,P,24,2,2,0,2,0,Al Saunders,0,1,-3.8
MojsRa20,1988,SDG,P,25,3,3,0,3,0,Al Saunders,1,0,-7.3
MojsRa20,1989,WAS,P,26,4,4,0,0,1,Joe Gibbs,0,1,4
MojsRa20,1990,WAS,P,27,5,5,0,1,0,Joe Gibbs,1,0,5.4
MojsRa20,1991,SFO,P,28,6,6,0,0,1,George Seifert,0,1,10.9
MontGr20,1988,HOU,P,23,0,0,1,0,1,Jerry Glanville,0,1,3
MontGr20,1989,HOU,P,24,1,1,0,1,0,Jerry Glanville,1,0,-2.5
MontGr20,1990,HOU,P,25,2,2,0,2,0,Jack Pardee,0,1,5.2
MontGr20,1991,HOU,P,26,3,3,0,3,0,Jack Pardee,1,0,8.3
MontGr20,1992,HOU,P,27,4,4,0,4,0,Jack Pardee,2,0,5.6
MontGr20,1993,HOU,P,28,5,5,0,5,0,Jack Pardee,3,0,7.2
MontGr20,1994,DET,P,29,6,6,0,0,1,Wayne Fontes,0,1,2.4
MontGr20,1996,BAL,P,31,7,7,0,0,1,Ted Marchibroda,0,1,-2.9
MontGr20,1997,BAL,P,32,8,8,0,1,0,Ted Marchibroda,1,0,-0.6
MoorBr24,2001,BUF,P,25,0,0,1,0,1,Gregg Williams,0,1,-9.6
MoorBr24,2002,BUF,P,26,1,1,0,1,0,Gregg Williams,1,0,-0.2
MoorBr24,2003,BUF,P,27,2,2,0,2,0,Gregg Williams,2,0,-1
MoorBr24,2004,BUF,P,28,3,3,0,3,0,Mike Mularkey,0,1,8.1
MoorBr24,2005,BUF,P,29,4,4,0,4,0,Mike Mularkey,1,0,-5.8
MoorBr24,2006,BUF,P,30,5,5,0,5,0,Dick Jauron,0,1,2.2
MoorBr24,2007,BUF,P,31,6,6,0,6,0,Dick Jauron,1,0,-4.1
MoorBr24,2008,BUF,P,32,7,7,0,7,0,Dick Jauron,2,0,-3.4
MoorBr24,2009,BUF,P,33,8,8,0,8,0,Dick Jauron;Perry Fewell,0,1,-1.8
MoorBr24,2010,BUF,P,34,9,9,0,9,0,Chan Gailey,0,1,-4.6
MoorBr24,2011,BUF,P,35,10,10,0,10,0,Chan Gailey,1,0,-3.3
MoorBr24,2012,DAL;BUF,P,36,11,11,0,0,1,Jason Garrett;Chan Gailey,0,1,-1.18
MoorBr24,2013,BUF,P,37,12,12,0,0,1,Doug Marrone,0,1,-3.2
MoorDa21,1987,NYG,P,25,0,0,1,0,1,Bill Parcells,0,1,-0.7
MorsTh00,2009,NOR,P,23,0,0,1,0,1,Sean Payton,0,1,10.7
MorsTh00,2010,NOR,P,24,1,1,0,1,0,Sean Payton,1,0,2.3
MorsTh00,2011,NOR,P,25,2,2,0,2,0,Sean Payton,2,0,11.4
MorsTh00,2012,NOR,P,26,3,3,0,3,0,Joe Vitt;Aaron Kromer,0,1,1.4
MorsTh00,2013,NOR,P,27,4,4,0,4,0,Sean Payton,0,1,8.8
MorsTh00,2014,NOR,P,28,5,5,0,5,0,Sean Payton,1,0,-2.9
MorsTh00,2015,NOR,P,29,6,6,0,6,0,Sean Payton,2,0,-6.5
MorsTh00,2016,NOR,P,30,7,7,0,7,0,Sean Payton,3,0,1.5
MorsTh00,2017,NOR,P,31,8,8,0,8,0,Sean Payton,4,0,9.2
MorsTh00,2018,NOR,P,32,9,9,0,9,0,Sean Payton,5,0,10.1
MurpNi20,2004,KAN;BAL,K;P,24,0,0,1,0,1,Dick Vermeil;Brian Billick,0,1,5.84
MurpNi20,2005,PHI,K,25,1,0,1,0,1,Andy Reid,0,1,-2.4
MurrPa01,2014,TAM,K;P,23,0,0,1,0,1,Lovie Smith,0,1,-9.8
MurrPa01,2016,CLE,K,25,1,0,1,0,1,Hue Jackson,0,1,-10.1
MurrPa01,2017,TAM,K,26,2,1,0,0,1,Dirk Koetter,0,1,-1.3
NeilDa20,2000,ATL,P,23,0,0,1,0,1,Dan Reeves,0,1,-8.6
NewsHa20,1985,PIT,P,22,0,0,1,0,1,Chuck Noll,0,1,-0.5
NewsHa20,1986,PIT,P,23,1,1,0,1,0,Chuck Noll,1,0,-1
NewsHa20,1987,PIT,P,24,2,2,0,2,0,Chuck Noll,2,0,0.7
NewsHa20,1988,PIT,P,25,3,3,0,3,0,Chuck Noll,3,0,-5.4
NewsHa20,1989,PIT,P,26,4,4,0,4,0,Chuck Noll,4,0,-3.7
NewsHa20,1990,MIN,P,27,5,5,0,0,1,Jerry Burns,0,1,2.4
NewsHa20,1991,MIN,P,28,6,6,0,1,0,Jerry Burns,1,0,-2
NewsHa20,1992,MIN,P,29,7,7,0,2,0,Dennis Green,0,1,7.7
NewsHa20,1993,MIN,P,30,8,8,0,3,0,Dennis Green,1,0,-0.1
NiesJo20,1990,BUF,P,23,0,0,1,0,1,Marv Levy,0,1,8.6
NormCh20,1984,DEN,P,22,0,0,1,0,1,Dan Reeves,0,1,7.7
NormCh20,1985,DEN,P,23,1,1,0,1,0,Dan Reeves,1,0,3.7
NormCh20,1986,DEN,P,24,2,2,0,2,0,Dan Reeves,2,0,5.2
NortBr00,2012,CAR,P,22,0,0,1,0,1,Ron Rivera,0,1,0.8
NortBr00,2013,CAR,P,23,1,1,0,1,0,Ron Rivera,1,0,9.2
NortBr00,2014,CAR,P,24,2,2,0,2,0,Ron Rivera,2,0,-3.1
NortBr00,2015,CAR,P,25,3,3,0,3,0,Ron Rivera,3,0,8.1
NortBr00,2016,JAX,P,26,4,4,0,0,1,Gus Bradley;Doug Marrone,0,1,-5
NortBr00,2017,JAX,P,27,5,5,0,1,0,Doug Marrone,0,1,6.6
OConTo20,1987,NYJ,P,23,0,0,1,0,1,Joe Walton,0,1,-1.4
ODonPa00,2014,CHI,P;WR,23,0,0,1,0,1,Marc Trestman,0,1,-6.7
ODonPa00,2015,CHI,P,24,1,0,1,1,0,John Fox,0,1,-1.3
ODonPa00,2016,CHI,P,25,2,1,0,2,0,John Fox,1,0,-7.5
ODonPa00,2017,CHI,P,26,3,2,0,3,0,John Fox,2,0,-1.3
ODonPa00,2018,CHI,P,27,4,3,0,4,0,Matt Nagy,0,1,6.3
oneilpat01,1994,NWE,P,23,0,0,1,0,1,Bill Parcells,0,1,3.2
oneilpat01,1995,NWE;CHI,P,24,1,1,0,0,1,Bill Parcells;Dave Wannstedt,0,1,-4.544444444
OrosTo20,1981,MIA,P,21,0,0,1,0,1,Don Shula,0,1,2.9
OrosTo20,1982,MIA,P,22,1,1,0,1,0,Don Shula,1,0,8.2
OrosTo20,1983,SFO,P,23,2,2,0,0,1,Bill Walsh,0,1,8.7
OrosTo20,1984,SFO,P,24,3,3,0,1,0,Bill Walsh,1,0,12.8
PakuGl00,2008,NOR,P,28,0,0,1,0,1,Sean Payton,0,1,4
PakuGl00,2009,WAS,P,29,1,1,0,0,1,Jim Zorn,0,1,-4.5
PalaMi00,2014,OAK,P,22,0,0,1,0,1,Tony Sparano;Dennis Allen,0,1,-9
PalaMi00,2016,CAR,P,24,1,1,0,0,1,Ron Rivera,0,1,-1
PalaMi00,2017,CAR,P,25,2,2,0,1,0,Ron Rivera,1,0,4.4
PalaMi00,2018,CAR,P,26,3,3,0,2,0,Ron Rivera,2,0,0.9
ParkDa20,1992,DEN,P,24,0,0,1,0,1,Dan Reeves,0,1,-3.3
ParkTo20,2001,NYJ,P,32,0,0,1,0,1,Herm Edwards,0,1,0.8
ParsBo00,1972,CHI,P,22,0,0,1,0,1,Abe Gibron,0,1,-1.3
ParsBo00,1973,CHI,P,23,1,1,0,1,0,Abe Gibron,1,0,-8.9
ParsBo00,1974,CHI,P,24,2,2,0,2,0,Abe Gibron,2,0,-10.3
ParsBo00,1975,CHI,P;TE,25,3,0,1,3,0,Jack Pardee,0,1,-11.5
ParsBo00,1976,CHI,P,26,4,0,1,4,0,Jack Pardee,1,0,4.5
ParsBo00,1977,CHI,P,27,5,1,0,5,0,Jack Pardee,2,0,-3.6
ParsBo00,1978,CHI,P,28,6,2,0,6,0,Neill Armstrong,0,1,-2.4
ParsBo00,1979,CHI,P,29,7,3,0,7,0,Neill Armstrong,1,0,-0.1
ParsBo00,1980,CHI,P,30,8,4,0,8,0,Neill Armstrong,2,0,1.4
ParsBo00,1981,CHI,P,31,9,5,0,9,0,Neill Armstrong,3,0,-2.9
ParsBo00,1982,CHI,P,32,10,6,0,10,0,Mike Ditka,0,1,-5.4
ParsBo00,1983,CHI,P,33,11,7,0,11,0,Mike Ditka,1,0,-1
ParsCl20,1977,HOU,P,22,0,0,1,0,1,Bum Phillips,0,1,6.7
ParsCl20,1978,HOU,P,23,1,1,0,1,0,Bum Phillips,1,0,-0.4
ParsCl20,1979,HOU,P,24,2,2,0,2,0,Bum Phillips,2,0,4.3
ParsCl20,1980,HOU,P,25,3,3,0,3,0,Bum Phillips,3,0,1.7
ParsCl20,1981,HOU,P,26,4,4,0,4,0,Ed Biles,0,1,-4.7
ParsCl20,1982,HOU,P,27,5,5,0,5,0,Ed Biles,1,0,-11
PartRi20,1979,NOR,P,22,0,0,1,0,1,Dick Nolan,0,1,-1.2
PartRi20,1980,SDG,P,23,1,1,0,0,1,Don Coryell,0,1,6.1
PartRi20,1987,BUF,P,30,2,2,0,0,1,Marv Levy,0,1,-0.2
PastDa00,1971,HOU,P;QB,22,0,0,1,0,1,Ed Hughes,0,1,-6.8
PastDa00,1972,HOU,P;QB,23,1,0,1,1,0,Bill Peterson,0,1,-13
PastDa00,1973,HOU,QB,24,2,0,1,2,0,Sid Gillman;Bill Peterson,0,1,-16.8
PastDa00,1974,HOU,QB,25,3,1,0,3,0,Sid Gillman,0,1,-1.9
PastDa00,1975,HOU,P;QB,26,4,0,1,4,0,Bum Phillips,0,1,6.4
PastDa00,1976,HOU,P;QB,27,5,0,1,5,0,Bum Phillips,1,0,-1.7
PastDa00,1977,HOU,QB,28,6,0,1,6,0,Bum Phillips,2,0,6.7
PastDa00,1978,HOU,QB,29,7,1,0,7,0,Bum Phillips,3,0,-0.4
PastDa00,1979,HOU,QB,30,8,2,0,8,0,Bum Phillips,4,0,4.3
PastDa00,1980,OAK,QB,31,9,3,0,0,1,Tom Flores,0,1,4.2
PastDa00,1981,RAM,QB,32,10,4,0,0,1,Ray Malavasi,0,1,-2.4
PastDa00,1983,PHI,QB,34,11,5,0,0,1,Marion Campbell,0,1,-3.1
PatrMi20,1975,NWE,P,22,0,0,1,0,1,Chuck Fairbanks,0,1,-4.3
PatrMi20,1976,NWE,P,23,1,1,0,1,0,Chuck Fairbanks,1,0,8.7
PatrMi20,1977,NWE,P,24,2,2,0,2,0,Chuck Fairbanks,2,0,4
PatrMi20,1978,NWE,P,25,3,3,0,3,0,Chuck Fairbanks;Ron Erhardt;Hank Bullough,0,1,5
PaulSa20,2007,DEN,P,23,0,0,1,0,1,Mike Shanahan,0,1,-4
PaulSa20,2008,DAL,P,24,1,1,0,0,1,Wade Phillips,0,1,0.5
PaulSa20,2009,WAS;TAM,P,25,2,2,0,0,1,Jim Zorn;Raheem Morris,0,1,-5.5
PaulSa20,2010,WAS,P,26,3,3,0,0,1,Mike Shanahan,0,1,-3.9
PiniBr00,2015,SFO,P,21,0,0,1,0,1,Jim Tomsula,0,1,-5.5
PiniBr00,2016,SFO,P,22,1,1,0,1,0,Chip Kelly,0,1,-11.2
PiniBr00,2017,SFO,P;WR,23,2,0,1,2,0,Kyle Shanahan,0,1,-2.9
PiniBr00,2018,SFO,P,24,3,0,1,3,0,Kyle Shanahan,1,0,-5.6
PlacRy20,2006,SEA,P,22,0,0,1,0,1,Mike Holmgren,0,1,-3.6
PlacRy20,2007,SEA,P,23,1,1,0,1,0,Mike Holmgren,1,0,1.7
PlacRy20,2008,WAS;SEA,P,24,2,2,0,0,1,Jim Zorn;Mike Holmgren,0,1,-2.245454545
PlaySc20,1998,ARI,P,28,0,0,1,0,1,Vince Tobin,0,1,-7.4
PlaySc20,1999,ARI,P,29,1,1,0,1,0,Vince Tobin,1,0,-8.7
PlaySc20,2000,ARI,P,30,2,2,0,2,0,Vince Tobin;Dave McGinnis,0,1,-15.3
PlaySc20,2001,ARI,P,31,3,3,0,3,0,Dave McGinnis,0,1,-4.1
PlaySc20,2002,ARI,P,32,4,4,0,4,0,Dave McGinnis,1,0,-9.9
PlaySc20,2003,ARI,P,33,5,5,0,5,0,Dave McGinnis,2,0,-12.5
PlaySc20,2004,ARI,P,34,6,6,0,6,0,Dennis Green,0,1,-4.9
PlaySc20,2005,ARI,P,35,7,7,0,7,0,Dennis Green,1,0,-5
PlaySc20,2006,ARI,P,36,8,8,0,8,0,Dennis Green,2,0,-6.9
PlaySc20,2007,CLE,P,37,9,9,0,0,1,Romeo Crennel,0,1,-1.1
PodlAd20,2007,JAX,P,24,0,0,1,0,1,Jack Del Rio,0,1,6.8
PodlAd20,2008,JAX,P,25,1,1,0,1,0,Jack Del Rio,1,0,-2.5
PodlAd20,2009,JAX,P,26,2,2,0,2,0,Jack Del Rio,2,0,-6.4
PodlAd20,2010,JAX,P,27,3,3,0,3,0,Jack Del Rio,3,0,-4.5
PodlAd20,2011,CHI,P,28,4,4,0,0,1,Lovie Smith,0,1,1.6
PodlAd20,2012,CHI,P,29,5,5,0,1,0,Lovie Smith,1,0,7
PodlAd20,2013,CHI,P,30,6,6,0,2,0,Marc Trestman,0,1,-4.1
PodlAd20,2014,PIT,P,31,7,7,0,0,1,Mike Tomlin,0,1,2.3
PopeDa20,1999,KAN,P,24,0,0,1,0,1,Gunther Cunningham,0,1,6.8
PopeDa20,2000,CIN,P,25,1,1,0,0,1,Dick LeBeau;Bruce Coslet,0,1,-10.5
PopeDa20,2001,NYJ,P,26,2,2,0,0,1,Herm Edwards,0,1,0.8
PoweSh00,2012,BUF,P,23,0,0,1,0,1,Chan Gailey,0,1,-6.7
PoweSh00,2013,CIN;BUF,P,24,1,1,0,0,1,Marvin Lewis;Doug Marrone,0,1,-0.771428571
PresLu20,1979,DEN,P,22,0,0,1,0,1,Red Miller,0,1,4.1
PresLu20,1980,DEN,P,23,1,1,0,1,0,Red Miller,1,0,0.5
PresLu20,1981,DEN,P,24,2,2,0,2,0,Dan Reeves,0,1,1.3
PresLu20,1982,DEN,P,25,3,3,0,3,0,Dan Reeves,1,0,-9.8
PresLu20,1983,DEN,P,26,4,4,0,4,0,Dan Reeves,2,0,-2.8
PresLu20,1984,NWE,P,27,5,5,0,0,1,Ron Meyer;Raymond Berry,0,1,-0.1
ProkJo21,1985,GNB,P,25,0,0,1,0,1,Forrest Gregg,0,1,0.2
ProkJo21,1987,SDG,P,27,1,1,0,0,1,Al Saunders,0,1,-3.8
ProkJo21,1988,NYJ,P,28,2,2,0,0,1,Joe Walton,0,1,1.3
ProkJo21,1989,NYJ,P,29,3,3,0,1,0,Joe Walton,1,0,-10.1
ProkJo21,1990,NYJ,P,30,4,4,0,2,0,Bruce Coslet,0,1,-4.6
ProkJo21,1991,SFO,P,31,5,5,0,0,1,George Seifert,0,1,10.9
ProkJo21,1992,NYG;MIA,P,32,6,6,0,0,1,Ray Handley;Don Shula,0,1,1.0875
QuigRy00,2013,NYJ,P;QB,23,0,0,1,0,1,Rex Ryan,0,1,-6.1
QuigRy00,2014,NYJ,P,24,1,0,1,1,0,Rex Ryan,1,0,-5
QuigRy00,2015,NYJ,P,25,2,1,0,2,0,Todd Bowles,0,1,1.5
QuigRy00,2016,ARI,P,26,3,2,0,0,1,Bruce Arians,0,1,1.6
QuigRy00,2017,MIN,P,27,4,3,0,0,1,Mike Zimmer,0,1,9.1
RamsCh20,1977,NYJ,P,25,0,0,1,0,1,Walt Michaels,0,1,-5.8
RamsCh20,1978,NYJ,P,26,1,1,0,1,0,Walt Michaels,1,0,1.1
RamsCh20,1979,NYJ,P,27,2,2,0,2,0,Walt Michaels,2,0,-2.9
RamsCh20,1980,NYJ,P,28,3,3,0,3,0,Walt Michaels,3,0,-5.1
RamsCh20,1981,NYJ,P,29,4,4,0,4,0,Walt Michaels,4,0,1.9
RamsCh20,1982,NYJ,P,30,5,5,0,5,0,Walt Michaels,5,0,10.5
RamsCh20,1983,NYJ,P,31,6,6,0,6,0,Joe Walton,0,1,-1.2
RamsCh20,1984,NYJ,P,32,7,7,0,7,0,Joe Walton,1,0,-4.5
RedfKa00,2017,DET,P,25,0,0,1,0,1,Jim Caldwell,0,1,2.7
RennBi20,1986,GNB,P,27,0,0,1,0,1,Forrest Gregg,0,1,-9.6
RennBi20,1987,GNB,P,28,1,1,0,1,0,Forrest Gregg,1,0,-3.4
RichKy20,1997,SEA;MIA,P,24,0,0,1,0,1,Dennis Erickson;Jimmy Johnson,0,1,0.82
RichKy20,1998,BAL,P,25,1,1,0,0,1,Ted Marchibroda,0,1,-5.4
RichKy20,1999,BAL,K;P,26,2,0,1,1,0,Brian Billick,0,1,0.9
RichKy20,2000,BAL,P,27,3,0,1,2,0,Brian Billick,1,0,8
RichKy20,2001,BAL,P,28,4,1,0,3,0,Brian Billick,2,0,3.2
RichKy20,2002,MIN,P,29,5,2,0,0,1,Mike Tice,0,1,-3
RichKy20,2003,CIN,P,30,6,3,0,0,1,Marvin Lewis,0,1,-2.4
RichKy20,2005,CLE,P,32,7,4,0,0,1,Romeo Crennel,0,1,-4.3
RobeGe20,1978,MIA,P,23,0,0,1,0,1,Don Shula,0,1,7.5
RobeGe20,1979,MIA,P,24,1,1,0,1,0,Don Shula,1,0,4.3
RobeGe20,1980,MIA,P,25,2,2,0,2,0,Don Shula,2,0,-1.5
RobeGe20,1981,SDG,P,26,3,3,0,0,1,Don Coryell,0,1,4.5
RobeGe20,1982,ATL,P,27,4,4,0,0,1,Leeman Bennett,0,1,-3.8
RobeHa20,1974,STL,P,22,0,0,1,0,1,Don Coryell,0,1,5.8
RobyRe20,1983,MIA,P,22,0,0,1,0,1,Don Shula,0,1,7.8
RobyRe20,1984,MIA,P,23,1,1,0,1,0,Don Shula,1,0,10.6
RobyRe20,1985,MIA,P,24,2,2,0,2,0,Don Shula,2,0,7
RobyRe20,1986,MIA,P,25,3,3,0,3,0,Don Shula,3,0,0.5
RobyRe20,1987,MIA,P,26,4,4,0,4,0,Don Shula,4,0,2.1
RobyRe20,1988,MIA,P,27,5,5,0,5,0,Don Shula,5,0,-2.9
RobyRe20,1989,MIA,P,28,6,6,0,6,0,Don Shula,6,0,-4.8
RobyRe20,1990,MIA,P,29,7,7,0,7,0,Don Shula,7,0,4.7
RobyRe20,1991,MIA,P,30,8,8,0,8,0,Don Shula,8,0,-4.1
RobyRe20,1992,MIA,P,31,9,9,0,9,0,Don Shula,9,0,1.5
RobyRe20,1993,WAS,P,32,10,10,0,0,1,Richie Petitbon,0,1,-6.5
RobyRe20,1994,WAS,P,33,11,11,0,1,0,Norv Turner,0,1,-6.1
RobyRe20,1995,TAM,P,34,12,12,0,0,1,Sam Wyche,0,1,-5
RobyRe20,1996,HOU,P,35,13,13,0,0,1,Jeff Fisher,0,1,0.9
RobyRe20,1997,TEN,P,36,14,14,0,0,1,Jeff Fisher,1,0,1.6
RobyRe20,1998,SFO,P,37,15,15,0,0,1,Steve Mariucci,0,1,10.6
RoccSa20,2007,PHI,P,33,0,0,1,0,1,Andy Reid,0,1,5.2
RoccSa20,2008,PHI,P,34,1,1,0,1,0,Andy Reid,1,0,7.9
RoccSa20,2009,PHI,P,35,2,2,0,2,0,Andy Reid,2,0,6
RoccSa20,2010,PHI,P,36,3,3,0,3,0,Andy Reid,3,0,4.2
RoccSa20,2011,WAS,P,37,4,4,0,0,1,Mike Shanahan,0,1,-4.1
RoccSa20,2012,WAS,P,38,5,5,0,1,0,Mike Shanahan,1,0,3.4
RoccSa20,2013,WAS,P,39,6,6,0,2,0,Mike Shanahan,2,0,-9.3
RodrRu20,1987,SEA,P,22,0,0,1,0,1,Chuck Knox,0,1,2
RodrRu20,1988,SEA,P,23,1,1,0,1,0,Chuck Knox,1,0,-0.8
RodrRu20,1989,SEA,P,24,2,2,0,2,0,Chuck Knox,2,0,-2.8
RodrRu20,1992,NYG;DEN,P,27,3,3,0,0,1,Ray Handley;Dan Reeves,0,1,-2.633333333
rouentom01,1993,DEN,P,25,0,0,1,0,1,Wade Phillips,0,1,5
rouentom01,1994,DEN,P,26,1,1,0,1,0,Wade Phillips,1,0,-3.3
rouentom01,1995,DEN,P,27,2,2,0,2,0,Mike Shanahan,0,1,3.1
rouentom01,1996,DEN,P,28,3,3,0,3,0,Mike Shanahan,1,0,7.6
rouentom01,1997,DEN,P,29,4,4,0,4,0,Mike Shanahan,2,0,10.7
rouentom01,1998,DEN,P,30,5,5,0,5,0,Mike Shanahan,3,0,8.9
rouentom01,1999,DEN,P,31,6,6,0,6,0,Mike Shanahan,4,0,3.4
rouentom01,2000,DEN,P,32,7,7,0,7,0,Mike Shanahan,5,0,5.1
rouentom01,2001,DEN,P,33,8,8,0,8,0,Mike Shanahan,6,0,-0.5
rouentom01,2002,PIT;NYG;DEN,P,34,9,9,0,0,1,Bill Cowher;Jim Fassel;Mike Shanahan,0,1,3.85
rouentom01,2003,SEA,P,35,10,10,0,0,1,Mike Holmgren,0,1,4.1
rouentom01,2004,SEA,P,36,11,11,0,1,0,Mike Holmgren,1,0,-2.9
rouentom01,2005,SEA,P,37,12,12,0,2,0,Mike Holmgren,2,0,9.2
RoyaMa20,1987,STL;PHI,P,22,0,0,1,0,1,Gene Stallings;Buddy Ryan,0,1,-1.45
RoyaMa20,1990,TAM,P,25,1,1,0,0,1,Ray Perkins;Richard Williamson,0,1,-7.2
RoyaMa20,1991,TAM,P,26,2,2,0,1,0,Richard Williamson,0,1,-11.2
RoyaMa20,1992,PIT,P,27,3,3,0,0,1,Bill Cowher,0,1,3.6
RoyaMa20,1993,PIT,P,28,4,4,0,1,0,Bill Cowher,1,0,1.6
RoyaMa20,1994,PIT,P,29,5,5,0,2,0,Bill Cowher,2,0,4.8
RoyaMa20,1995,DET,P,30,6,6,0,0,1,Wayne Fontes,0,1,6.9
RoyaMa20,1996,DET,P,31,7,7,0,1,0,Wayne Fontes,1,0,-2.9
RoyaMa20,1997,NOR,P,32,8,8,0,0,1,Mike Ditka,0,1,-7.4
RoyaMa20,1998,NOR,P,33,9,9,0,1,0,Mike Ditka,1,0,0.1
RoyaMa20,1999,TAM,P,34,10,10,0,0,1,Tony Dungy,0,1,2.6
RoyaMa20,2000,TAM,P,35,11,11,0,1,0,Tony Dungy,1,0,7.3
RoyaMa20,2001,TAM,P,36,12,12,0,2,0,Tony Dungy,2,0,4
RoyaMa20,2002,MIA,P,37,13,13,0,0,1,Dave Wannstedt,0,1,6.1
RoyaMa20,2003,MIA;JAX,P,38,14,14,0,0,1,Dave Wannstedt;Jack Del Rio,0,1,-1.157142857
RunaMa20,1979,PHI,P,23,0,0,1,0,1,Dick Vermeil,0,1,2.7
RunaMa20,1980,PHI,P,24,1,1,0,1,0,Dick Vermeil,1,0,9.7
RunaMa20,1981,PHI,P,25,2,2,0,2,0,Dick Vermeil,2,0,8.7
RunaMa20,1982,PHI,P,26,3,3,0,3,0,Dick Vermeil,3,0,0.7
RunaMa20,1983,PHI,P,27,4,4,0,4,0,Marion Campbell,0,1,-3.1
RunaMa20,1984,SFO,P,28,5,5,0,0,1,Bill Walsh,0,1,12.8
RunaMa20,1985,SFO,P,29,6,6,0,1,0,Bill Walsh,1,0,8.8
RunaMa20,1986,SFO,P,30,7,7,0,2,0,Bill Walsh,2,0,7
RunaMa20,1987,SFO,P,31,8,8,0,3,0,Bill Walsh,3,0,13.3
RunaMa20,1988,SFO;CLE,P,32,9,9,0,0,1,Bill Walsh;Marty Schottenheimer,0,1,0.807142857
RunaMa20,1989,PHI,P,33,10,10,0,0,1,Buddy Ryan,0,1,5.1
RyanJo21,2006,GNB,P,24,0,0,1,0,1,Mike McCarthy,0,1,-4.4
RyanJo21,2007,GNB,P,25,1,1,0,1,0,Mike McCarthy,1,0,9
RyanJo21,2008,SEA,P,26,2,2,0,0,1,Mike Holmgren,0,1,-7.7
RyanJo21,2009,SEA,P,27,3,3,0,1,0,Jim Mora,0,1,-9.4
RyanJo21,2010,SEA,P,28,4,4,0,2,0,Pete Carroll,0,1,-9.4
RyanJo21,2011,SEA,P,29,5,5,0,3,0,Pete Carroll,1,0,0.8
RyanJo21,2012,SEA,P,30,6,6,0,4,0,Pete Carroll,2,0,12.2
RyanJo21,2013,SEA,P,31,7,7,0,5,0,Pete Carroll,3,0,13
RyanJo21,2014,SEA,P,32,8,8,0,6,0,Pete Carroll,4,0,9.5
RyanJo21,2015,SEA,P,33,9,9,0,7,0,Pete Carroll,5,0,11.4
RyanJo21,2016,SEA,P,34,10,10,0,8,0,Pete Carroll,6,0,2.1
RyanJo21,2017,SEA,P,35,11,11,0,9,0,Pete Carroll,7,0,1.9
SancRi00,2017,IND,P,22,0,0,1,0,1,Chuck Pagano,0,1,-10.1
SancRi00,2018,IND,P,23,1,1,0,1,0,Frank Reich,0,1,3.3
SandB.20,2005,GNB,P,25,0,0,1,0,1,Mike Sherman,0,1,-3.7
SaueTo20,1995,CHI,P,22,0,0,1,0,1,Dave Wannstedt,0,1,2.3
SaueTo20,1996,CHI,P,23,1,1,0,1,0,Dave Wannstedt,1,0,-0.2
SaueTo20,1997,CHI,P,24,2,2,0,2,0,Dave Wannstedt,2,0,-8.4
SaueTo20,1998,CHI,P,25,3,3,0,3,0,Dave Wannstedt,3,0,-3.7
SaueTo20,1999,CHI,P,26,4,4,0,4,0,Dick Jauron,0,1,-2
SaueTo20,2000,KAN,P,27,5,5,0,0,1,Gunther Cunningham,0,1,0.7
SaueTo20,2001,CAR,P,28,6,6,0,0,1,George Seifert,0,1,-9
SaueTo20,2002,CAR,P,29,7,7,0,1,0,John Fox,0,1,-3.2
SaueTo20,2003,CAR,P,30,8,8,0,2,0,John Fox,1,0,-0.9
SaueTo20,2004,CAR,P,31,9,9,0,3,0,John Fox,2,0,-0.7
SaueTo20,2005,DEN,P,32,10,10,0,0,1,Mike Shanahan,0,1,10.8
SaueTo20,2006,NWE,P,33,11,11,0,0,1,Bill Belichick,0,1,10.2
SaueTo20,2007,DEN,P,34,12,12,0,0,1,Mike Shanahan,0,1,-4
SawyBu20,1987,DAL,P,24,0,0,1,0,1,Tom Landry,0,1,-2
SaxoMi20,1985,DAL,P,23,0,0,1,0,1,Tom Landry,0,1,0.3
SaxoMi20,1986,DAL,P,24,1,1,0,1,0,Tom Landry,1,0,2.1
SaxoMi20,1987,DAL,P,25,2,2,0,2,0,Tom Landry,2,0,-2
SaxoMi20,1988,DAL,P,26,3,3,0,3,0,Tom Landry,3,0,-6.1
SaxoMi20,1989,DAL,P,27,4,4,0,4,0,Jimmy Johnson,0,1,-10.4
SaxoMi20,1990,DAL,P,28,5,5,0,5,0,Jimmy Johnson,1,0,-3.7
SaxoMi20,1991,DAL,P,29,6,6,0,6,0,Jimmy Johnson,2,0,4.5
SaxoMi20,1992,DAL,P,30,7,7,0,7,0,Jimmy Johnson,3,0,10
SaxoMi20,1993,NWE,P,31,8,8,0,0,1,Bill Parcells,0,1,-3.7
SaxoMi20,1994,MIN,P,32,9,9,0,0,1,Dennis Green,0,1,3.2
SaxoMi20,1995,MIN,P,33,10,10,0,1,0,Dennis Green,1,0,3.7
SchmCo00,2014,BUF,P,23,0,0,1,0,1,Doug Marrone,0,1,4.9
SchmCo00,2015,BUF,P,24,1,1,0,1,0,Rex Ryan,0,1,0.1
SchmCo00,2016,BUF,P,25,2,2,0,2,0,Rex Ryan;Anthony Lynn,0,1,-0.4
SchmCo00,2017,BUF,P,26,3,3,0,3,0,Sean McDermott,0,1,-4
SchmCo00,2018,BUF,P,27,4,4,0,4,0,Sean McDermott,1,0,-6.9
SchuJa00,2014,TAM;NYJ,P,25,0,0,1,0,1,Lovie Smith;Rex Ryan,0,1,-7.4
SchuJa00,2015,TAM,P,26,1,1,0,0,1,Lovie Smith,0,1,-7.7
SchuJa00,2016,GNB,P,27,2,2,0,0,1,Mike McCarthy,0,1,2.9
ScifMi20,2003,SDG,P,22,0,0,1,0,1,Marty Schottenheimer,0,1,-6.8
ScifMi20,2004,SDG,P,23,1,1,0,1,0,Marty Schottenheimer,1,0,9.1
ScifMi20,2005,SDG,P,24,2,2,0,2,0,Marty Schottenheimer,2,0,10
ScifMi20,2006,SDG,P,25,3,3,0,3,0,Marty Schottenheimer,3,0,10.2
ScifMi20,2007,SDG,P,26,4,4,0,4,0,Norv Turner,0,1,8.8
ScifMi20,2008,SDG,P,27,5,5,0,5,0,Norv Turner,1,0,5
ScifMi20,2009,SDG,P,28,6,6,0,6,0,Norv Turner,2,0,6.6
ScifMi20,2010,SDG,P,29,7,7,0,7,0,Norv Turner,3,0,4.8
ScifMi20,2011,SDG,P,30,8,8,0,8,0,Norv Turner,4,0,0.9
ScifMi20,2012,SDG,P,31,9,9,0,9,0,Norv Turner,5,0,-2.4
ScifMi20,2013,SDG,P,32,10,10,0,10,0,Mike McCoy,0,1,2.6
ScifMi20,2014,SDG,P,33,11,11,0,11,0,Mike McCoy,1,0,1.9
ScifMi20,2015,SDG,P,34,12,12,0,12,0,Mike McCoy,2,0,-2.6
ScriBu20,1983,GNB,P,23,0,0,1,0,1,Bart Starr,0,1,-1.9
ScriBu20,1984,GNB,P,24,1,1,0,1,0,Forrest Gregg,0,1,5
ScriBu20,1987,MIN,P,27,2,2,0,0,1,Jerry Burns,0,1,-2.6
ScriBu20,1988,MIN,P,28,3,3,0,1,0,Jerry Burns,1,0,10.8
ScriBu20,1989,MIN,P,29,4,4,0,2,0,Jerry Burns,2,0,4.3
SepuDa20,2007,PIT,P,23,0,0,1,0,1,Mike Tomlin,0,1,5.2
SepuDa20,2009,PIT,P,25,1,1,0,1,0,Mike Tomlin,1,0,1.7
SepuDa20,2010,PIT,P,26,2,2,0,2,0,Mike Tomlin,2,0,10.2
SepuDa20,2011,PIT,P,27,3,3,0,3,0,Mike Tomlin,3,0,5.2
SklaTo20,1978,DET,P,23,0,0,1,0,1,Monte Clark,0,1,-1.8
SklaTo20,1979,DET,P,24,1,1,0,1,0,Monte Clark,1,0,-11
SklaTo20,1980,DET,P,25,2,2,0,2,0,Monte Clark,2,0,1.7
SklaTo20,1981,DET,P,26,3,3,0,3,0,Monte Clark,3,0,5.3
SklaTo20,1982,DET,P,27,4,4,0,4,0,Monte Clark,4,0,1.3
SklaTo20,1983,PHI,P,28,5,5,0,0,1,Marion Campbell,0,1,-3.1
SmigDa20,1982,ATL,P,23,0,0,1,0,1,Leeman Bennett,0,1,-3.8
SmitHu21,1999,IND,K;P,22,0,0,1,0,1,Jim Mora,0,1,6.1
SmitHu21,2000,IND,P,23,1,0,1,1,0,Jim Mora,1,0,7.9
SmitHu21,2001,IND,P,24,2,1,0,2,0,Jim Mora,2,0,-3.7
SmitHu21,2002,IND,P,25,3,2,0,3,0,Tony Dungy,0,1,1.1
SmitHu21,2003,IND,P,26,4,3,0,4,0,Tony Dungy,1,0,7
SmitHu21,2004,IND,P,27,5,4,0,5,0,Tony Dungy,2,0,11.4
SmitHu21,2005,IND,P,28,6,5,0,6,0,Tony Dungy,3,0,10.8
SmitHu21,2006,IND,P,29,7,6,0,7,0,Tony Dungy,4,0,5.8
SmitHu21,2007,IND,P,30,8,7,0,8,0,Tony Dungy,5,0,12
SmitHu21,2008,IND,P,31,9,8,0,9,0,Tony Dungy,6,0,6.5
SmitHu21,2009,WAS,P,32,10,9,0,0,1,Jim Zorn,0,1,-4.5
SmitHu21,2010,WAS,P,33,11,10,0,1,0,Mike Shanahan,0,1,-3.9
StacRa20,1981,GNB,P,22,0,0,1,0,1,Bart Starr,0,1,-1.6
StacRa20,1982,GNB,P,23,1,1,0,1,0,Bart Starr,1,0,6.1
StacRa20,1983,CHI,P,24,2,2,0,0,1,Mike Ditka,0,1,-1
StanCh20,1999,SFO,P,23,0,0,1,0,1,Steve Mariucci,0,1,-11.3
StanCh20,2000,SFO,P,24,1,1,0,1,0,Steve Mariucci,1,0,-3.8
StanCh20,2001,ARI,P,25,2,2,0,0,1,Dave McGinnis,0,1,-4.1
StanCh20,2002,HOU,P,26,3,3,0,0,1,Dom Capers,0,1,-9.5
StanCh20,2003,HOU,P,27,4,4,0,1,0,Dom Capers,1,0,-5.9
StanCh20,2004,HOU,P,28,5,5,0,2,0,Dom Capers,2,0,-0.6
StanCh20,2005,HOU,P,29,6,6,0,3,0,Dom Capers,3,0,-10.1
StanCh20,2006,HOU,P,30,7,7,0,4,0,Gary Kubiak,0,1,-4.5
StarJo20,1987,ATL,P,24,0,0,1,0,1,Marion Campbell,0,1,-13.8
StarRo20,1982,BAL,P,23,0,0,1,0,1,Frank Kush,0,1,-8.8
StarRo20,1983,BAL,P,24,1,1,0,1,0,Frank Kush,1,0,-6.8
StarRo20,1984,IND,P,25,2,2,0,0,1,Frank Kush;Hal Hunter,0,1,-11.1
StarRo20,1985,IND,P,26,3,3,0,1,0,Rod Dowhower,0,1,-2.7
StarRo20,1986,IND,P,27,4,4,0,2,0,Ron Meyer;Rod Dowhower,0,1,-10.4
StarRo20,1987,IND,P,28,5,5,0,3,0,Ron Meyer,0,1,4.2
StarRo20,1988,IND,P,29,6,6,0,4,0,Ron Meyer,1,0,3.2
StarRo20,1989,IND,P,30,7,7,0,5,0,Ron Meyer,2,0,-0.5
StarRo20,1990,IND,P,31,8,8,0,6,0,Ron Meyer,3,0,-3.9
StarRo20,1991,IND,P,32,9,9,0,7,0,Rick Venturi;Ron Meyer,0,1,-17.2
StarRo20,1992,IND,P,33,10,10,0,8,0,Ted Marchibroda,0,1,-7
StarRo20,1993,IND,P,34,11,11,0,9,0,Ted Marchibroda,1,0,-11.3
StarRo20,1994,IND,P,35,12,12,0,10,0,Ted Marchibroda,2,0,-1.5
StarRo20,1995,PIT,P,36,13,13,0,0,1,Bill Cowher,0,1,4.6
StarRo20,1996,CAR,P,37,14,14,0,0,1,Dom Capers,0,1,7
StarRo20,1997,SEA,P,38,15,15,0,0,1,Dennis Erickson,0,1,0.1
SteeLa20,1974,DEN,P,24,0,0,1,0,1,John Ralston,0,1,0.6
StemKe20,2002,OAK,P,23,0,0,1,0,1,Bill Callahan,0,1,10.6
StemKe20,2004,STL,P,25,1,1,0,0,1,Mike Martz,0,1,-6
stovemat01,1991,CLE,K,23,0,0,1,0,1,Bill Belichick,0,1,-0.3
stovemat01,1992,CLE,K,24,1,1,0,1,0,Bill Belichick,1,0,-1
stovemat01,1993,CLE,K,25,2,2,0,2,0,Bill Belichick,2,0,-1.2
stovemat01,1994,CLE,K,26,3,3,0,3,0,Bill Belichick,3,0,7.3
stovemat01,1995,CLE,K,27,4,4,0,4,0,Bill Belichick,4,0,-3.8
stovemat01,1996,BAL,K,28,5,5,0,0,1,Ted Marchibroda,0,1,-2.9
stovemat01,1997,BAL,K,29,6,6,0,1,0,Ted Marchibroda,1,0,-0.6
stovemat01,1998,BAL,K,30,7,7,0,2,0,Ted Marchibroda,2,0,-5.4
stovemat01,1999,BAL,K;P,31,8,0,1,3,0,Brian Billick,0,1,0.9
stovemat01,2000,BAL,K,32,9,0,1,4,0,Brian Billick,1,0,8
stovemat01,2001,BAL,K,33,10,1,0,5,0,Brian Billick,2,0,3.2
stovemat01,2002,BAL,K,34,11,2,0,6,0,Brian Billick,3,0,-2.1
stovemat01,2003,BAL,K,35,12,3,0,7,0,Brian Billick,4,0,6.3
stovemat01,2004,BAL,K,36,13,4,0,8,0,Brian Billick,5,0,6.2
stovemat01,2005,BAL,K,37,14,5,0,9,0,Brian Billick,6,0,-1.8
stovemat01,2006,BAL,K,38,15,6,0,10,0,Brian Billick,7,0,9.3
stovemat01,2007,BAL,K,39,16,7,0,11,0,Brian Billick,8,0,-6.8
stovemat01,2008,BAL,K,40,17,8,0,12,0,John Harbaugh,0,1,9.8
stovemat01,2009,IND,K,41,18,9,0,0,1,Jim Caldwell,0,1,5.9
StryDa20,1990,PIT,P,25,0,0,1,0,1,Chuck Noll,0,1,1.6
StryDa20,1991,PIT,P,26,1,1,0,1,0,Chuck Noll,1,0,-3
StryDa20,1992,TAM,P,27,2,2,0,0,1,Sam Wyche,0,1,-5.9
StryDa20,1993,TAM,P,28,3,3,0,1,0,Sam Wyche,1,0,-7.6
StryDa20,1994,TAM,P,29,4,4,0,2,0,Sam Wyche,2,0,-6.2
StryDa20,1995,ATL,P,30,5,5,0,0,1,June Jones,0,1,0
StryDa20,1996,ATL,P,31,6,6,0,1,0,June Jones,1,0,-9.1
StryDa20,1997,ATL,P,32,7,7,0,2,0,Dan Reeves,0,1,-4.1
StryDa20,1998,ATL,P,33,8,8,0,3,0,Dan Reeves,1,0,10
StryDa20,1999,ATL,P,34,9,9,0,4,0,Dan Reeves,2,0,-7
StryDa20,2000,ATL,P,35,10,10,0,5,0,Dan Reeves,3,0,-8.6
StryDa20,2001,KAN,P,36,11,11,0,0,1,Dick Vermeil,0,1,-1.2
StryDa20,2002,KAN,P,37,12,12,0,1,0,Dick Vermeil,1,0,6.1
StryDa20,2003,NYJ,P,38,13,13,0,0,1,Herm Edwards,0,1,-0.6
SullKe20,1991,HOU,P,27,0,0,1,0,1,Jack Pardee,0,1,8.3
SullKe20,1992,KAN,P,28,1,1,0,0,1,Marty Schottenheimer,0,1,3.5
SullKe20,1993,SDG;HOU,P,29,2,2,0,0,1,Bobby Ross;Jack Pardee,0,1,3.866666667
SummWi20,1977,DET,P,23,0,0,1,0,1,Tommy Hudspeth,0,1,-7.4
SupeSt20,1987,HOU,P,24,0,0,1,0,1,Jerry Glanville,0,1,2
SwidLa20,1979,DET,P,24,0,0,1,0,1,Monte Clark,0,1,-11
SwidLa20,1980,STL,P,25,1,1,0,0,1,Jim Hanifan,0,1,-2.4
SwidLa20,1981,TAM,P,26,2,2,0,0,1,John McKay,0,1,3
SwidLa20,1982,TAM,P,27,3,3,0,1,0,John McKay,1,0,0.9
TallSt20,1987,RAI,P,28,0,0,1,0,1,Tom Flores,0,1,0.1
TeltJo20,1986,PHI,P,22,0,0,1,0,1,Buddy Ryan,0,1,-1.5
TeltJo20,1987,PHI,P,23,1,1,0,1,0,Buddy Ryan,1,0,-2
TeltJo20,1988,PHI,P,24,2,2,0,2,0,Buddy Ryan,2,0,3.4
TeltJo20,1989,PHI,P,25,3,3,0,3,0,Buddy Ryan,3,0,5.1
ThomTo22,1995,SFO,P,23,0,0,1,0,1,George Seifert,0,1,11.8
ThomTo22,1996,SFO,P,24,1,1,0,1,0,George Seifert,1,0,8
ThomTo22,1997,SFO,P,25,2,2,0,2,0,Steve Mariucci,0,1,5.1
TupaTo20,1988,PHO,P,22,0,0,1,0,1,Gene Stallings,0,1,-3.2
TupaTo20,1989,PHO,P,23,1,1,0,1,0,Gene Stallings;Hank Kuhlmann,0,1,-7.1
TupaTo20,1990,PHO,P,24,2,2,0,2,0,Joe Bugel,0,1,-6.7
TupaTo20,1991,PHO,QB,25,3,0,1,3,0,Joe Bugel,1,0,-5.4
TupaTo20,1992,IND,P,26,4,0,1,0,1,Ted Marchibroda,0,1,-7
TupaTo20,1994,CLE,P,28,5,1,0,0,1,Bill Belichick,0,1,7.3
TupaTo20,1995,CLE,P,29,6,2,0,1,0,Bill Belichick,1,0,-3.8
TupaTo20,1996,NWE,P,30,7,3,0,0,1,Bill Parcells,0,1,5.1
TupaTo20,1997,NWE,P,31,8,4,0,1,0,Pete Carroll,0,1,5.3
TupaTo20,1998,NWE,P,32,9,5,0,2,0,Pete Carroll,1,0,3.9
TupaTo20,1999,NYJ,P;QB,33,10,0,1,0,1,Bill Parcells,0,1,3.1
TupaTo20,2000,NYJ,P;QB,34,11,0,1,1,0,Al Groh,0,1,3.6
TupaTo20,2001,NYJ,P;QB,35,12,0,1,2,0,Herm Edwards,0,1,0.8
TupaTo20,2002,TAM,P,36,13,0,1,0,1,Jon Gruden,0,1,8.8
TupaTo20,2003,TAM,P,37,14,1,0,1,0,Jon Gruden,1,0,1.6
TupaTo20,2004,WAS,P,38,15,2,0,0,1,Joe Gibbs,0,1,-3.4
TurkMa20,1995,WAS,P,27,0,0,1,0,1,Norv Turner,0,1,-2
TurkMa20,1996,WAS,P,28,1,1,0,1,0,Norv Turner,1,0,1.9
TurkMa20,1997,WAS,P,29,2,2,0,2,0,Norv Turner,2,0,1.2
TurkMa20,1998,WAS,P,30,3,3,0,3,0,Norv Turner,3,0,-7.5
TurkMa20,1999,WAS,P,31,4,4,0,4,0,Norv Turner,4,0,2.9
TurkMa20,2000,MIA,P,32,5,5,0,0,1,Dave Wannstedt,0,1,7.1
TurkMa20,2001,MIA,P,33,6,6,0,1,0,Dave Wannstedt,1,0,2.8
TurkMa20,2002,NYJ,P,34,7,7,0,0,1,Herm Edwards,0,1,3.2
TurkMa20,2003,MIA,P,35,8,8,0,0,1,Dave Wannstedt,0,1,3.4
TurkMa20,2004,MIA,P,36,9,9,0,1,0,Jim Bates;Dave Wannstedt,0,1,-2.2
TurkMa20,2005,,P,37,0,10,0,,,,,,
TurkMa20,2006,STL,P,38,1,11,0,0,1,Scott Linehan,0,1,-3.9
TurkMa20,2007,HOU,P,39,2,12,0,0,1,Gary Kubiak,0,1,0
TurkMa20,2008,HOU,P,40,3,13,0,1,0,Gary Kubiak,1,0,-0.4
TurkMa20,2009,HOU,P,41,4,14,0,2,0,Gary Kubiak,2,0,2
TurkMa20,2010,HOU,P,42,5,15,0,3,0,Gary Kubiak,3,0,-1.9
TurkMa20,2011,JAX;HOU,P,43,6,16,0,0,1,Jack Del Rio;Mel Tucker;Gary Kubiak,0,1,-1.122222222
TuteRi20,1989,PHI,P,24,0,0,1,0,1,Buddy Ryan,0,1,5.1
TuteRi20,1990,BUF,P,25,1,1,0,0,1,Marv Levy,0,1,8.6
TuteRi20,1991,SEA,P,26,2,2,0,0,1,Chuck Knox,0,1,1.2
TuteRi20,1992,SEA,P,27,3,3,0,1,0,Tom Flores,0,1,-10
TuteRi20,1993,SEA,P,28,4,4,0,2,0,Tom Flores,1,0,-1.3
TuteRi20,1994,SEA,P,29,5,5,0,3,0,Tom Flores,2,0,-3.4
TuteRi20,1995,SEA,P,30,6,6,0,4,0,Dennis Erickson,0,1,-0.6
TuteRi20,1996,SEA,P,31,7,7,0,5,0,Dennis Erickson,1,0,-1.6
TuteRi20,1997,SEA,P,32,8,8,0,6,0,Dennis Erickson,2,0,0.1
TuteRi20,1998,STL,P,33,9,9,0,0,1,Dick Vermeil,0,1,-2.3
TuteRi20,1999,STL,P,34,10,10,0,1,0,Dick Vermeil,1,0,11.9
TyneSc20,1994,ATL,P,22,0,0,1,0,1,June Jones,0,1,-4.3
VogeJu00,2017,GNB,P,23,0,0,1,0,1,Mike McCarthy,0,1,-1.9
WagnBr20,1987,CHI,P,25,0,0,1,0,1,Mike Ditka,0,1,3.8
WagnBr20,1988,CHI,P,26,1,1,0,1,0,Mike Ditka,1,0,6.6
WagnBr20,1989,CLE,P,27,2,2,0,0,1,Bud Carson,0,1,4.4
WagnBr20,1990,CLE,P,28,3,3,0,1,0,Bud Carson;Jim Shofner,0,1,-13
WagnBr20,1991,NWE,P,29,4,4,0,0,1,Dick MacPherson,0,1,-8.7
WagnBr20,1992,GNB,P,30,5,5,0,0,1,Mike Holmgren,0,1,-1.6
WagnBr20,1993,GNB,P,31,6,6,0,1,0,Mike Holmgren,1,0,3.2
WagnBr20,1994,SDG,P,32,7,7,0,0,1,Bobby Ross,0,1,3.6
WagnBr20,1995,NWE,P,33,8,8,0,0,1,Bill Parcells,0,1,-5.4
WaitAl20,1991,SEA,P,23,0,0,1,0,1,Chuck Knox,0,1,1.2
WalkGl20,1977,RAM,P,25,0,0,1,0,1,Chuck Knox,0,1,8.4
WalkGl20,1978,RAM,P,26,1,1,0,1,0,Ray Malavasi,0,1,3.2
WalkRa21,1974,GNB,P,23,0,0,1,0,1,Dan Devine,0,1,-1.2
WalsSt00,1989,DAL,QB,22,0,0,1,0,1,Jimmy Johnson,0,1,-10.4
WalsSt00,1990,NOR;DAL,QB,23,1,1,0,0,1,Jim Mora;Jimmy Johnson,0,1,-1.484615385
WalsSt00,1991,NOR,QB,24,2,2,0,0,1,Jim Mora,0,1,9.1
WalsSt00,1993,NOR,QB,26,3,3,0,1,0,Jim Mora,1,0,-1.4
WalsSt00,1994,CHI,QB,27,4,4,0,0,1,Dave Wannstedt,0,1,-1.9
WalsSt00,1995,CHI,QB,28,5,5,0,1,0,Dave Wannstedt,1,0,2.3
WalsSt00,1996,STL,QB,29,6,6,0,0,1,Rich Brooks,0,1,-6.3
WalsSt00,1997,TAM,QB,30,7,7,0,0,1,Tony Dungy,0,1,2.7
WalsSt00,1998,TAM,QB,31,8,8,0,1,0,Tony Dungy,1,0,1.2
WalsSt00,1999,IND,P,32,9,0,1,0,1,Jim Mora,0,1,6.1
WaltDa21,1987,CLE,P,26,0,0,1,0,1,Marty Schottenheimer,0,1,10.8
WaltKe20,1997,CAR,P,25,0,0,1,0,1,Dom Capers,0,1,-3.6
WaltKe20,1998,CAR,P,26,1,1,0,1,0,Dom Capers,1,0,-1.4
WaltKe20,1999,CAR,P,27,2,2,0,2,0,George Seifert,0,1,-1
WaltKe20,2000,CAR,P,28,3,3,0,3,0,George Seifert,1,0,-1.1
WaltKe20,2001,NWE,P,29,4,4,0,0,1,Bill Belichick,0,1,4.3
WaltKe20,2002,NWE,P,30,5,5,0,1,0,Bill Belichick,1,0,4
WaltKe20,2003,NWE,P,31,6,6,0,2,0,Bill Belichick,2,0,7
WaltKe20,2004,SEA,P,32,7,7,0,0,1,Mike Holmgren,0,1,-2.9
WaltKe20,2006,NWE,P,34,8,8,0,0,1,Bill Belichick,0,1,10.2
WarrJo20,1983,DAL,P,22,0,0,1,0,1,Tom Landry,0,1,8.5
WarrJo20,1984,DAL,P,23,1,1,0,1,0,Tom Landry,1,0,1
WayxTr00,2014,WAS,P,24,0,0,1,0,1,Jay Gruden,0,1,-8.7
WayxTr00,2015,WAS,P,25,1,1,0,1,0,Jay Gruden,1,0,-2
WayxTr00,2016,WAS,P,26,2,2,0,2,0,Jay Gruden,2,0,2
WayxTr00,2017,WAS,P,27,3,3,0,3,0,Jay Gruden,3,0,-1.3
WayxTr00,2018,WAS,P,28,4,4,0,4,0,Jay Gruden,4,0,-5
WeatSt20,2006,NOR,P,23,0,0,1,0,1,Sean Payton,0,1,4
WeatSt20,2007,NOR,P,24,1,1,0,1,0,Sean Payton,1,0,-2.6
WeatSt20,2008,NOR;KAN;JAX,P;K,25,2,0,1,0,1,Sean Payton;Herm Edwards;Jack Del Rio,0,1,-0.207142857
WeatSt20,2009,NYJ,P,26,3,0,1,0,1,Rex Ryan,0,1,8.6
WeatSt20,2010,NYJ,P,27,4,1,0,1,0,Rex Ryan,1,0,6.4
WeatSt20,2011,NYG,P,28,5,2,0,0,1,Tom Coughlin,0,1,1.6
WeatSt20,2012,NYG,P,29,6,3,0,1,0,Tom Coughlin,1,0,6.2
WeatSt20,2013,NYG,P,30,7,4,0,2,0,Tom Coughlin,2,0,-5.4
WeatSt20,2014,NYG,P,31,8,5,0,3,0,Tom Coughlin,3,0,-1.7
WeatSt20,2015,NYJ,P,32,9,6,0,0,1,Todd Bowles,0,1,1.5
WeavHe20,1970,DET,P,21,0,0,1,0,1,Joe Schmidt,0,1,14
WeavHe20,1971,DET,P,22,1,1,0,1,0,Joe Schmidt,1,0,4.1
WeavHe20,1972,DET,P,23,2,2,0,2,0,Joe Schmidt,2,0,4.4
WeavHe20,1973,DET,P,24,3,3,0,3,0,Don McCafferty,0,1,2
WeavHe20,1974,DET,P,25,4,4,0,4,0,Rick Forzano,0,1,-1.6
WeavHe20,1975,DET,P,26,5,5,0,5,0,Rick Forzano,1,0,-1.9
WeavHe20,1976,DET,P,27,6,6,0,6,0,Tommy Hudspeth;Rick Forzano,0,1,2.8
WeavHe20,1977,SEA,P,28,7,7,0,0,1,Jack Patera,0,1,-4.4
WeavHe20,1978,SEA,P,29,8,8,0,1,0,Jack Patera,1,0,-0.3
WeavHe20,1979,SEA,P,30,9,9,0,2,0,Jack Patera,2,0,2.6
WeavHe20,1980,SEA,P,31,10,10,0,3,0,Jack Patera,3,0,-5.3
WeesNo00,1976,DEN,P,25,0,0,1,0,1,John Ralston,0,1,6.9
WeesNo00,1977,DEN,P,26,1,1,0,1,0,Red Miller,0,1,11.3
WeesNo00,1978,DEN,QB,27,2,0,1,2,0,Red Miller,1,0,5
WeesNo00,1979,DEN,QB,28,3,1,0,3,0,Red Miller,2,0,4.1
WeilJa20,1986,DEN,P,24,0,0,1,0,1,Dan Reeves,0,1,5.2
WeilJa20,1987,WAS,P,25,1,1,0,0,1,Joe Gibbs,0,1,3.8
WestJe20,1975,STL,P,22,0,0,1,0,1,Don Coryell,0,1,3.5
WestJe20,1976,SDG,P,23,1,1,0,0,1,Tommy Prothro,0,1,-1.2
WestJe20,1977,SDG,P,24,2,2,0,1,0,Tommy Prothro,1,0,3.8
WestJe20,1978,SDG,P,25,3,3,0,2,0,Don Coryell;Tommy Prothro,0,1,3.7
WestJe20,1979,SDG,P,26,4,4,0,3,0,Don Coryell,0,1,11.7
WestJe20,1981,SEA,P,28,5,5,0,0,1,Jack Patera,0,1,-3.3
WestJe20,1982,SEA,P,29,6,6,0,1,0,Mike McCormack;Jack Patera,0,1,-5.5
WestJe20,1983,SEA,P,30,7,7,0,2,0,Chuck Knox,0,1,1.4
WestJe20,1984,SEA,P,31,8,8,0,3,0,Chuck Knox,1,0,8.9
WestJe20,1985,SEA,P,32,9,9,0,4,0,Chuck Knox,2,0,4.4
WhitDa01,1976,DAL,P,24,0,0,1,0,1,Tom Landry,0,1,4.5
WhitDa01,1977,DAL,P,25,1,1,0,1,0,Tom Landry,1,0,7.8
WhitDa01,1978,DAL,P,26,2,2,0,2,0,Tom Landry,2,0,11
WhitDa01,1979,DAL,P,27,3,3,0,3,0,Tom Landry,3,0,3.3
WhitDa01,1980,DAL,P;QB,28,4,0,1,4,0,Tom Landry,4,0,7.9
WhitDa01,1981,DAL,P;QB,29,5,0,1,5,0,Tom Landry,5,0,6.1
WhitDa01,1982,DAL,QB;P,30,6,0,1,6,0,Tom Landry,6,0,8.2
WhitDa01,1983,DAL,QB,31,7,0,1,7,0,Tom Landry,7,0,8.5
WhitDa01,1984,DAL,P;QB,32,8,0,1,8,0,Tom Landry,8,0,1
WhitDa01,1985,DAL,QB,33,9,0,1,9,0,Tom Landry,9,0,0.3
WhitDa01,1986,DAL,QB,34,10,1,0,10,0,Tom Landry,10,0,2.1
WhitDa01,1987,DAL,QB,35,11,2,0,11,0,Tom Landry,11,0,-2
WhitDa01,1988,DAL,QB,36,12,3,0,12,0,Tom Landry,12,0,-6.1
WhitJe20,1973,NWE,K,25,0,0,1,0,1,Chuck Fairbanks,0,1,-6
WileMa01,2016,ATL;ARI,K;P,24,0,0,1,0,1,Dan Quinn;Bruce Arians,0,1,3.325
WileMa01,2018,MIN,K;P,26,1,0,1,0,1,Mike Zimmer,0,1,0.6
WillRo23,2001,NYG,P,24,0,0,1,0,1,Jim Fassel,0,1,-1.8
WilmKl20,1992,SFO,P,24,0,0,1,0,1,George Seifert,0,1,11.8
WilmKl20,1993,SFO,P,25,1,1,0,1,0,George Seifert,1,0,9.6
WilmKl20,1994,SFO,P,26,2,2,0,2,0,George Seifert,2,0,11.6
WilmKl20,1995,NOR,P,27,3,3,0,0,1,Jim Mora,0,1,-2.1
WilmKl20,1996,NOR,P,28,4,4,0,1,0,Jim Mora;Rick Venturi,0,1,-8.1
WilmKl20,1998,MIA,P,30,5,5,0,0,1,Jimmy Johnson,0,1,5.8
WingBr00,2014,PIT,P,23,0,0,1,0,1,Mike Tomlin,0,1,2.3
WingBr00,2015,NYG,P,24,1,1,0,0,1,Tom Coughlin,0,1,-3.6
WingBr00,2016,NYG,P,25,2,2,0,1,0,Ben McAdoo,0,1,2.2
WingBr00,2017,NYG,P,26,3,3,0,2,0,Ben McAdoo;Steve Spagnuolo,0,1,-7.6
WinsGe20,1987,CLE,P,24,0,0,1,0,1,Marty Schottenheimer,0,1,10.8
WinsGe20,1989,NOR,P,26,1,1,0,0,1,Jim Mora,0,1,4.5
WittTo20,1973,SFO,P,23,0,0,1,0,1,Dick Nolan,0,1,-0.2
WittTo20,1974,SFO,P,24,1,1,0,1,0,Dick Nolan,1,0,-2.6
WittTo20,1975,SFO,P,25,2,2,0,2,0,Dick Nolan,2,0,-4.7
WittTo20,1976,SFO,P,26,3,3,0,3,0,Monte Clark,0,1,3.7
WittTo20,1977,SFO,P,27,4,4,0,4,0,Ken Meyer,0,1,-3.8
woodxmik01,1978,STL;MIN,P;K,23,0,0,1,0,1,Bud Wilkinson;Bud Grant,0,1,-1.433333333
woodxmik01,1979,STL;SDG,K,24,1,0,1,0,1,Bud Wilkinson;Larry Wilson;Don Coryell,0,1,8.1
woodxmik01,1980,SDG,K,25,2,1,0,0,1,Don Coryell,0,1,6.1
woodxmik01,1981,BAL,K,26,3,2,0,0,1,Mike McCormack,0,1,-15.8
woodxmik01,1982,BAL,K,27,4,3,0,1,0,Frank Kush,0,1,-8.8
ZastDa20,2002,BAL,P,23,0,0,1,0,1,Brian Billick,0,1,-2.1
ZastDa20,2003,BAL,P,24,1,1,0,1,0,Brian Billick,1,0,6.3
ZastDa20,2004,BAL,P,25,2,2,0,2,0,Brian Billick,2,0,6.2
ZastDa20,2005,BAL,P,26,3,3,0,3,0,Brian Billick,3,0,-1.8
ZastDa20,2006,CLE,P,27,4,4,0,0,1,Romeo Crennel,0,1,-5.8
ZastDa20,2007,CLE,P,28,5,5,0,1,0,Romeo Crennel,1,0,-1.1
ZastDa20,2008,CLE,P,29,6,6,0,2,0,Romeo Crennel,2,0,-4.6
ZastDa20,2009,CLE,P,30,7,7,0,3,0,Eric Mangini,0,1,-8.4
ZastDa20,2011,ARI,P,32,8,8,0,0,1,Ken Whisenhunt,0,1,-2.2
ZastDa20,2012,ARI,P,33,9,9,0,1,0,Ken Whisenhunt,1,0,-3.2
ZastDa20,2013,ARI,P,34,10,10,0,2,0,Bruce Arians,0,1,6.4
ZastDa20,2014,ARI,P,35,11,11,0,3,0,Bruce Arians,1,0,2
