,C,C,Q,Q,C,C,Q,C,Q,Q,Q,Q,Q,Q,Q,Q,Q
plyr,pos,Throws,Height,Weight,Birthplace,High School,Draft Year,Draft Team,Draft round,Drafted,Draft pick,forty_yd,bench_reps,broad_jump,shuttle,cone,vertical
abbotvin01,K,,5.916666667,207,London England    ,Tsawwassen (Canada),,  ,,0,,,,,,,
AguaRo00,K,,6,207,Mascotte FL    ,South Lake (FL),2016,Tampa Bay Buccaneers,2,1,59,4.96,,,,,
akersdav01,K,,5.833333333,200,Lexington KY    ,Tates Creek (KY),,  ,,0,,,,,,,
AlbeSe20,K,,6.25,195,Mexico City Mexico   ,International (Mexico),1974,St. Louis Cardinals,8,1,189,,,,,,
allegrau01,K,,5.75,165,Torreon Mexico    ,Shelton (WA),,  ,,0,,,,,,,
alvarwil01,K,,6,165,Santa Cruz Bolivia   ,Dr. Domingo Leigue (Bolivia),,  ,,0,,,,,,,
andergar02,K;P,,5.916666667,193,Parys South Africa   ,Brettonwood (South Africa),1982,Buffalo Bills,7,1,171,,,,,,
andermor01,K,,6.166666667,217,Copenhagen Denmark    ,Ben Davis (IN),1982,New Orleans Saints,4,1,86,,,,,,
AndrSh00,K,,5.833333333,190,Murray KY    ,Murray (KY),,  ,,0,,,,,,,
AndrZe20,P;K,,6.166666667,210,Gunzburg Germany    ,Oakville-Trafalgar (Canada),1970,Dallas Cowboys,9,1,231,,,,,,
arianjak01,K,,5.916666667,203,Blacksburg VA    ,Starkville (MS),,  ,,0,,,,,,,
aririobe01,K,,5.666666667,170,Owerri Nigeria    ,Holy Ghost Coll. (Nigeria),1981,Baltimore Colts,7,1,178,,,,,,
atkinjes01,K,,5.75,165,Ann Arbor MI   ,Crossland (MD),,  ,,0,,,,,,,
bahrxchr01,K,,5.833333333,170,State College PA   ,Neshaminy (PA),1976,Cincinnati Bengals,2,1,51,,,,,,
bahrxmat01,K,,5.833333333,175,Philadelphia PA    ,Neshaminy (PA),1979,Pittsburgh Steelers,6,1,165,,,,,,
BailDa00,K,,6,190,Mustang OK    ,Southwest Covenant (OK),,  ,,0,,4.92,,,,,
BakeJo24,K,,6.083333333,185,Orange CA    ,Foothill (CA),,  ,,0,,,,,,,
barthco01,K,,5.916666667,193,Wilmington NC    ,Hoggard (NC),,  ,,0,,,,,,,
baumacha01,K,,6.083333333,203,Erie PA    ,Cathedral Prep (PA),,  ,,0,,,,,,,
BeckBr20,K,,6.166666667,200,Oakland CA    ,Baton Rouge (LA),1965,San Diego Chargers,19,1,150,,,,,,
beechwil01,K,,5.833333333,170,El Paso TX   ,James Logan (UT),,  ,,0,,,,,,,
BellBi20,K,,6,192,Fort Knox KY   ,Falls Church (VA),1970,Atlanta Falcons,17,1,428,,,,,,
benirrol01,K,,6,171,Boston MA    ,La Jolla (CA),1977,Oakland Raiders,12,1,334,,,,,,
bentlsco01,K,,6,203,Dallas TX    ,Overland (CO),,  ,,0,,,,,,,
benyogeo01,K,,5.833333333,195,Perth Amboy NJ   ,Allen (TX),,  ,,0,,,,,,,
biasudea01,K,,6,190,Niagara Falls NY   ,Miramar (FL),,  ,,0,,,,,,,
birnetom01,K,,6.333333333,220,Bellshill Scotland    ,J.M. Weatherwax (WA),,  ,,0,,,,,,,
bironrob01,K,,6,205,Louisville KY    ,Trinity (KY),,  ,,0,,,,,,,
BittDo20,K,,5.583333333,166,Westminster PA    ,William Tennent (PA),1976,Seattle Seahawks,3,1,92,,,,,,
blanccar01,K,,6.083333333,227,Fort Worth TX   ,L.D. Bell (TX),,  ,,0,,,,,,,
blantsco01,K,,6.166666667,221,Norman OK    ,Norman (OK),,  ,,0,,,,,,,
bojovnov01,K,,5.833333333,172,Titograd Yugoslavia    ,Hamtramck (MI),,  ,,0,,,,,,,
boniochr01,K,,5.916666667,169,Alexandria LA    ,Alexandria (LA),,  ,,0,,,,,,,
BorgDi20,K,,6.166666667,221,Elko NV    ,Reno (NV),,  ,,0,,,,,,,
BoshMa00,P;K,,6,208,Jupiter FL    ,Jupiter (FL),2011,Atlanta Falcons,6,1,192,4.78,8,,,,
BoswCh00,K,,6.166666667,185,Fort Worth TX   ,Fossil Ridge (TX),,  ,,0,,4.93,,,,,
boydxdan01,K,,6,213,Bradenton FL    ,Southeast (FL),,  ,,0,,,,,,,
bradyker01,K,,6.083333333,205,Vancouver WA    ,Hudson's Bay (Canada),,  ,,0,,,,,,,
breecjim01,K,,5.5,161,Sacramento CA    ,Sacramento (CA),1978,Detroit Lions,8,1,206,,,,,,
briendou01,K,,6,180,Bloomfield NJ    ,De La Salle (CA),1994,San Francisco 49ers,3,1,85,,,,,,
BrinKy00,K,,6.083333333,236,Valpariso IN    ,Plymouth (MI),,  ,,0,,5.17,14,,,,
BrocJe20,K,,6.166666667,218,Fort Lauderdale FL   ,Brentwood (MO),,  ,,0,,,,,,,
brownjos01,K,,6,202,Foyil OK    ,Foyil (OK),2003,Seattle Seahawks,7,1,222,4.81,,,,,
brownkri01,K,,5.916666667,215,Irving TX    ,Southlake Carroll (TX),1999,Pittsburgh Steelers,7,1,228,,,,,,
bryanmat01,K,,5.75,203,Bridge City TX   ,Bridge City (TX),,  ,,0,,,,,,,
BuehDa44,K,,6.166666667,219,Anaheim CA    ,Canyon (CA),2009,Dallas Cowboys,5,1,172,4.57,25,,,,
BullRa00,K,,5.75,210,Klein TX    ,Klein (TX),2012,Houston Texans,5,1,161,,,,,,
burrocur01,K,,5.916666667,185,Brinkley AR    ,Brinkley (AR),,  ,,0,,,,,,,
ButkHa00,K,,6.333333333,205,Decatur GA    ,Westminster (GA),2017,Carolina Panthers,7,1,233,,,,,,
butlekev01,K,,6,215,Savannah GA    ,Redan (GA),1985,Chicago Bears,4,1,105,,,,,,
ButlSk20,K;P,,6.083333333,201,Gladewater TX    ,Gladewater (TX),1970,Green Bay Packers,4,1,96,,,,,,
CalvJo99,CB;S;K,,5.833333333,182,Baton Rouge LA   ,Redemptorist (LA) Scotlandville Magnet (LA),2010,Arizona Cardinals,6,1,201,,,,,,
capecbil01,K,,5.583333333,170,Miami FL    ,Chaminade-Madonna (FL),1981,Houston Oilers,12,1,324,,,,,,
carnejoh01,K,,5.916666667,185,Hartford CT    ,Cardinal Newman (FL),,  ,,0,,,,,,,
CarpDa44,K,,6.166666667,216,Omaha NE    ,Helena (MT),,  ,,0,,,,,,,
CartTo21,K,,6.083333333,190,Flint MI    ,Carman-Ainsworth (MI),,  ,,0,,,,,,,
CataCh00,K,,6.25,200,Greenville SC    ,Christ Church Episcopal School (SC),,  ,,0,,,,,,,
chandjef01,K,,6.166666667,218,Jacksonville FL    ,Mandarin (FL),2002,San Francisco 49ers,4,1,102,5,,,,,
chrisste01,K,,6,195,Oakville Canada    ,Trafalgar (Canada),,  ,,0,,,,,,,
ClarBr21,K,,6.166666667,190,Canton OH    ,Sarasota (FL),1982,New England Patriots,10,1,253,,,,,,
clendmik01,K,,5.916666667,191,Dallas TX    ,La Porte (TX),,  ,,0,,,,,,,
cofermik01,K,,6.083333333,195,Columbia SC    ,Country Day (NC),,  ,,0,,,,,,,
conwabre01,K,,6.166666667,208,Atlanta GA    ,Parkview (GA),1997,Green Bay Packers,3,1,90,,,,,,
ConwDa20,K,,6,195,Baytown TX    ,Robert E. Lee (TX),1967,San Diego Chargers,7,1,173,,,,,,
CoonTr00,K,,6.166666667,199,Alta Loma CA   ,Alta Loma (CA),,  ,,0,,,,,,,
coopejoe01,K,,5.833333333,175,Fresno CA    ,Bullard (CA),,  ,,0,,,,,,,
corrafra01,K;P,,6.166666667,224,Chihuahua Mexico    ,Norte Vista (CA),1978,Los Angeles Rams,3,1,78,,,,,,
cortejos01,K,,5.916666667,200,San Vincente El Salvador  ,Van Nuys (CA),,  ,,0,,,,,,,
CoutBr00,K,,5.916666667,188,Lawrenceville GA    ,Collins Hill (GA),2008,Seattle Seahawks,7,1,235,,,,,,
coxxxste01,P;K,,6.333333333,195,Shreveport LA    ,Charleston (AR),1981,Cleveland Browns,5,1,134,,,,,,
CrosMa20,K,,6.083333333,207,Lubbock TX    ,Georgetown (TX),2007,Green Bay Packers,6,1,193,5.18,,,,,
cundibil01,K,,6.083333333,212,Phoenix AZ    ,Harlan Community (IA),,  ,,0,,,,,,,
cunniric01,K,,5.833333333,167,Houma LA    ,Terrebonne (LA),,  ,,0,,,,,,,
daluibra01,K,,6.083333333,180,San Diego CA   ,Valhalla (CA),,  ,,0,,,,,,,
daneljoe01,K,,5.75,166,Spokane WA    ,Gonzaga Prep (WA),1975,Miami Dolphins,10,1,257,,,,,,
danmeric01,K,,6,194,St. Paul MN   ,White Bear Lake (MN),,  ,,0,,,,,,,
davisgre01,K,,6,202,Rome GA    ,Lakeside (GA),1987,Tampa Bay Buccaneers,9,1,246,,,,,,
dawsodal01,K,,6,213,West Palm Beach FL  ,North Shore (FL),,  ,,0,,,,,,,
dawsophi01,K,,5.916666667,200,West Palm Beach FL  ,Lake Highlands (TX),,  ,,0,,,,,,,
delgralx01,K,,5.833333333,200,Providence RI    ,Coral Gables (FL),,  ,,0,,,,,,,
delinste01,K,,5.916666667,185,Denver CO    ,Cherry Creek (CO),1987,San Francisco 49ers,7,1,189,,,,,,
diettjoh01,K,,6.166666667,190,Fort Wayne IN   ,Hometsead (IN),,  ,,0,,,,,,,
dorsedea01,K,,5.916666667,190,Toronto Canada    ,Agincourt Collegiate Institute (Canada),,  ,,0,,,,,,,
DorsTr20,P;K,,6.5,227,Bozeman MT    ,Bozeman (MT),2002,Cincinnati Bengals,4,1,109,4.89,,,,,
duncatim0,K,,6.166666667,210,Tulsa OK    ,Clinton (OK),,  ,,0,,5,,,,,
DunlKi20,OT;OG;K,,6.666666667,310,Nashville TN    ,Brentwood Academy (TN),2008,Philadelphia Eagles,7,1,230,5.28,21,,,,
edingpau01,K,,5.666666667,175,Frankfort MI    ,Kathleen (FL),2000,Chicago Bears,6,1,174,,,,,,
elamxjas01,K,,5.916666667,194,Fort Walton Beach FL  ,Brookwood (GA),1993,Denver Broncos,3,1,70,,,,,,
ElliJa03,K,,5.75,167,Western Springs IL   ,Lyons Township (IL),2017,Cincinnati Bengals,5,1,153,4.79,,,,,
ellinaar01,K,,6.166666667,200,Waconia MN    ,Lander Valley (WY),,  ,,0,,,,,,,
elliolin01,K,,6,182,Euless TX    ,Waco (TX) Richfield (TX),,  ,,0,,,,,,,
epstehay01,K,,6.166666667,214,San Diego CA   ,Torrey Pines (CA),2002,Jacksonville Jaguars,7,1,247,4.79,,,,,
ErnsPa20,K;P,,6,217,Phoenix AZ    ,Ironwood (AZ),,Denver Broncos,7,1,239,,,,,,
FairKa01,K,,6,183,Kailua HI    ,Punahou (HI),,  ,,0,,4.96,,,,,
feelyjay01,K,,5.833333333,208,Odessa FL    ,Jesuit (FL),,  ,,0,,,,,,,
FellHa20,K,,5.916666667,185,Fredericksburg TX    ,Fredericksburg (TX),,Philadelphia Eagles,4,1,83,,,,,,
FickSa00,K,,6.083333333,192,     ,Valparaiso (IN),,  ,,0,,5.06,,,,,
FlutDo00,QB;K,Right,5.833333333,180,Manchester MD    ,Natick (MA),,Los Angeles Rams,11,1,285,,,,,,
FolkNi20,K,,6.166666667,211,Los Angeles CA   ,Notre Dame (CA),,Dallas Cowboys,6,1,178,4.95,,,,,
ForbKa00,K,,5.916666667,197,Santa Monica CA   ,Notre Dame (CA),,  ,,0,,4.78,,,,,
fordxcol01,K,,6.166666667,210,Tucson AZ    ,Sabino (AZ),,Pittsburgh Steelers,7,1,247,,,,,,
FranAn01,K,,6.083333333,205,Carmel CA    ,Carmel (CA),,  ,,0,,,,,,,
francbri01,K,,5.666666667,165,Annapolis MD    ,Glen Burnie (MD),,  ,,0,,,,,,,
franctod01,K,,6.25,200,Toledo OH    ,Springfield (OH),,  ,,0,,,,,,,
frankton01,K,,5.666666667,182,Big Spring TX   ,Arlington Heights (TX),,Philadelphia Eagles,3,1,74,,,,,,
FreeNa00,K,,5.916666667,192,Strongsville OH    ,Strongsville (OH),,Detroit Lions,7,1,229,,,,,,
fritston01,K,,5.583333333,190,Vienna Austria    ,,,  ,,0,,,,,,,
FurnAn00,K,,5.833333333,210,Burlington WA    ,,,  ,,0,,,,,,,
gaffnjef01,K,,6.166666667,195,Washington DC    ,Walt Whitman (MD),,  ,,0,,,,,,,
gallejam01,K,,6.083333333,190,Redwood Falls MN   ,Morton (MN),,Tampa Bay Buccaneers,10,1,254,,,,,,
GanoGr44,K,,6.166666667,202,Arbroath Scotland    ,J.M. Tate (FL),,  ,,0,,,,,,,
garciedd01,K,,5.666666667,178,New Orleans LA   ,Woodrow Wilson (TX),,Green Bay Packers,10,1,264,,,,,,
garcited01,K,,5.833333333,187,Caddo Parish LA   ,Lewisville (TX),,New England Patriots,4,1,100,,,,,,
GartCh20,K,,6,170,Gothenburg Sweden    ,Princeton (NJ),,  ,,0,,,,,,,
GayxJo00,P;K,,6,200,Danville KY    ,Danville (KY),,  ,,0,,,,,,,
georgmat01,P;K,,5.916666667,190,Santa Clarita CA   ,Canyon (CA),,  ,,0,,,,,,,
GollKe00,WR;K,,6.333333333,214,Chicago IL    ,St. Rita (IL),,Detroit Lions,3,1,96,4.5,18,120,4.15,7,35.5
GonzZa00,K,,6,202,Deer Park TX   ,Deer Park (TX),,Cleveland Browns,7,1,224,,,,,,
GostSt20,K,,6.083333333,215,Baton Rouge LA   ,Madison Central (MS),,New England Patriots,4,1,118,,,,,,
gouldrob01,K,,6,190,Jersey Shore PA   ,Central Mountain (PA),,  ,,0,,,,,,,
gowinbri01,K,,5.75,174,Birmingham AL    ,Shades Valley (AL),,  ,,0,,,,,,,
grahasha01,K,,6,210,Radford VA    ,Pulaski (VA),,  ,,0,,,,,,,
gramabil01,K,,5.833333333,189,Buenos Aires Argentina   ,La Belle (FL),,Arizona Cardinals,4,1,98,,,,,,
gramamar01,K,,5.666666667,170,Buenos Aires Argentina   ,La Belle (FL),,Tampa Bay Buccaneers,3,1,80,,,,,,
GreeDa20,P;K,,5.916666667,206,Mason City IA   ,Athens (OH),,Cincinnati Bengals,17,1,418,,,,,,
GuthGr20,K,,6,210,Waynesboro PA    ,Claymont (DE),,Buffalo Bills,6,1,135,,,,,,
haglesco01,K,,5.666666667,160,Eufaula AL    ,Dublin (GA),,  ,,0,,,,,,,
hajisali01,K,,6,172,Ann Arbor MI   ,Arlington (TX),,New York Giants,9,1,237,,,,,,
HallJe20,K,,5.916666667,190,Winchester TN    ,Franklin Co. (TN),,Washington Redskins,6,1,181,,,,,,
hallxjoh01,K,,6.25,240,Port Charlotte FL   ,Port Charlotte (FL),,  ,,0,,,,,,,
hamilrem01,K,,5.916666667,189,Wildwood NJ    ,Spanish River (FL),,  ,,0,,,,,,,
hamrijam01,K,,5.916666667,177,Jacksonville FL    ,Annandale (VA) Angleton (TX),,  ,,0,,,,,,,
hansojas01,K,,6,190,Spokane WA    ,Mead (WA),,Detroit Lions,2,1,56,,,,,,
hardydav01,K,,5.583333333,180,Fort Worth TX   ,Huntsville (TX),,  ,,0,,,,,,,
HartGa00,K,,5.666666667,204,Keller TX    ,Southlake Carroll (TX),,  ,,0,,,,,,,
HausSt00,K,,6.333333333,210,Needham MA    ,Needham (MA),,  ,,0,,,,,,,
HeneAl00,K,,6.083333333,178,Omaha NE    ,Burke (NE),,Philadelphia Eagles,4,1,120,4.87,,,,,
heppnkri01,K,,5.75,180,Great Falls MT   ,Great Falls (MT),,  ,,0,,,,,,,
HerlAl20,K;P,,6,168,Monroe LA    ,Marist (GA),,  ,,0,,,,,,,
herreefr01,K,,5.75,185,Guadalajara Mexico    ,La Puente (CA),,Detroit Lions,7,1,169,,,,,,
hilbejon01,K,,6.166666667,228,West Palm Beach FL  ,Boonville (IN),,  ,,0,,,,,,,
HockZa00,K,,6,189,Russelville AR    ,Russelville (AR),,Washington Redskins,7,1,228,4.9,,,,,
hollimik01,K,,5.583333333,179,Kellogg ID    ,Central Valley (WA),,  ,,0,,,,,,,
holmejar01,K,,6,203,Clinton MS    ,Clinton (MS),,  ,,0,,,,,,,
HopkDu00,K,,6.166666667,205,Austin TX    ,Clear Lake (TX),,Buffalo Bills,6,1,177,4.74,,116,,,33.5
howfiian01,K,,6.166666667,196,Watford England    ,Columbine (CO),,  ,,0,,,,,,,
HubeKe20,P;K;WR,,6.083333333,210,Cincinnati OH    ,McNicholas (OH),,Cincinnati Bengals,5,1,142,4.87,,,,,
huertcar01,K,,5.583333333,185,Coral Gables FL   ,Christopher Columbus (FL),,San Diego Chargers,12,1,315,,,,,,
HuntGe20,K,,6.083333333,215,Marietta GA    ,Clearwater (FL),,Cleveland Browns,5,1,122,,,,,,
hustemic01,K,,6,190,El Paso TX   ,Hampton (VA),,  ,,0,,,,,,,
HuttTo20,P;K,,6.083333333,193,Memphis TN    ,Memphis University (TN),,  ,,0,,,,,,,
igwebdon01,K,,5.75,181,Anambra Nigeria    ,Immaculate Conception School (Nigeria),,Tampa Bay Buccaneers,10,1,260,,,,,,
jackechr01,K,,6,205,Richmond VA    ,J.J. Pearce (TX),,Green Bay Packers,6,1,142,,,,,,
jacobdav01,K,,5.583333333,151,Scranton PA    ,George Washington (PA),,Denver Broncos,12,1,325,,,,,,
jaegejef01,K,,5.916666667,190,Tacoma WA    ,Kent-Meridian (WA),,Cleveland Browns,3,1,82,,,,,,
JakoGe20,K,,5.75,175,Charleroi Belgium    ,Nyack (NY),,  ,,0,,,,,,,
janikseb01,K;P,,6.083333333,260,Walbrzych Poland    ,Seabreeze (FL),,Oakland Raiders,1,1,17,,,,,,
JenkJ.20,K,,6.083333333,195,Springfield IL    ,Loganville (GA),,  ,,0,,,,,,,
JohaOv20,K,,5.833333333,175,Gothenburg Sweden    ,Gothenburg (Sweden),,Houston Oilers,12,1,316,,,,,,
johnsnor01,K,,6.166666667,202,Garden Grove CA   ,Pacifica (CA),,  ,,0,,,,,,,
jordaste01,K,,5.833333333,205,San Francisco CA   ,Archbishop Riordan (CA),,  ,,0,,,,,,,
JuriTo20,K,,5.833333333,185,Alhambra CA    ,Arcadia (CA),,Pittsburgh Steelers,10,1,276,,,,,,
kaedinat01,K,,6,187,Iowa City IA   ,West (IA),,San Diego Chargers,3,1,65,4.95,,,,,
karliric01,K,,6,180,Salem OH    ,Salem (OH),,  ,,0,,,,,,,
kasayjoh01,K,,5.833333333,210,Athens GA    ,Clarke Central (GA),,Seattle Seahawks,4,1,98,,,,,,
kaurijer01,K,,6,210,Windsor Canada    ,Kennedy Collegiate School (Canada),,  ,,0,,,,,,,
kempfflo01,K,,5.75,170,Philadelphia PA    ,Cardinal Dougherty (PA),,  ,,0,,,,,,,
KighDa20,K,,6.083333333,214,Atlanta GA    ,Druid Hills (GA),,  ,,0,,,,,,,
kimriola01,K,,6.25,230,Malmo Sweden    ,Borgaskolan (Sweden),,  ,,0,,,,,,,
KoehMa00,K,,6,200,Solon IA    ,Solon (IA),,  ,,0,,,,,,,
KooxYo00,K,,5.833333333,185,Seoul South Korea   ,Ridgewood (NJ),,  ,,0,,,,,,,
LambJo00,K,,6,215,Lansing MI    ,Middleton (WI),,  ,,0,,5.16,,,,,
lansfmik01,K,,6,183,Monterey Park CA   ,Arcadia (CA),,New York Giants,12,1,312,,,,,,
lashatim01,K,,5.75,160,Santa Monica CA   ,Barrington (IL) Plano (TX),,  ,,0,,,,,,,
leahypat01,K,,6,194,St. Louis MO   ,Augustinian Academy (MO),,  ,,0,,,,,,,
LeavAl20,K,,5.916666667,176,St. Petersburg FL   ,Hernando (FL),,Atlanta Falcons,4,1,89,,,,,,
LeexPa99,CB;S;K,,5.916666667,194,Miami FL    ,Christopher Columbus (FL),,Green Bay Packers,2,1,60,,,,,,
leexxjoh02,K,,5.916666667,182,Seoul South Korea   ,Downey (CA),,St. Louis Cardinals,2,1,32,,,,,,
LeypJo20,K,,6.166666667,229,Washington DC    ,Washington-Lee (VA),,  ,,0,,,,,,,
linderia01,K,,6.25,227,Vancouver WA    ,Mountain View (WA),,  ,,0,,,,,,,
LindSt20,K,,6.083333333,185,Hattiesburg MS    ,North Forrest (MS),,  ,,0,,,,,,,
LingGo20,K,,5.666666667,160,Nassjo Sweden    ,Kingsburg (CA),,  ,,0,,,,,,,
LinhTo20,K,,6,178,Donawitz Austria    ,Modina School (Austria),,  ,,0,,,,,,,
littlste01,K;P,,6,180,Springfield IL    ,Shawnee Mission South (KS),,St. Louis Cardinals,1,1,15,,,,,,
LloyRh44,K,,5.916666667,231,Dover England    ,Eastview (MN),,  ,,0,,,,,,,
lohmichi01,K,,6.25,213,Woodbury MN    ,Woodbury (MN),,Washington Redskins,2,1,55,,,,,,
LongCa20,K,,5.833333333,210,Pottsville PA    ,North Schuykill (PA),,Los Angeles Rams,11,1,302,,,,,,
longwrya01,K,,6,200,Seattle WA    ,Bend (OR),,  ,,0,,,,,,,
lowernic01,K,,6.333333333,215,Munich Germany    ,St. Albans (DC),,  ,,0,,,,,,,
luckhmic01,K,,6.083333333,180,Redbourn England    ,St. Columbus Coll. (England),,  ,,0,,,,,,,
LutzWi00,K,,5.916666667,184,Newnan GA    ,Northgate (GA),,  ,,0,,,,,,,
mancamas01,K,,5.833333333,211,Sassari Italy    ,Reno (NV),,  ,,0,,,,,,,
marcoche01,K,,6,190,Opole Poland    ,Imlay City (MI),,Green Bay Packers,2,1,34,,,,,,
marexoli01,K,,5.916666667,192,Hollywood FL    ,Cooper City (FL),,  ,,0,,,,,,,
marleset01,K,,6.083333333,200,Atlanta GA    ,Parkview (GA),,  ,,0,,5.25,,,,,
mazzetim01,K,,6.083333333,175,Old Greenwich CT   ,Escola Graduada (Brazil),,  ,,0,,,,,,,
McAfPa44,K;P,,6.083333333,233,Plum PA    ,Plum (PA),,Indianapolis Colts,7,1,222,,,,,,
McClBi20,K,,5.833333333,202,Purcell OK    ,Norman (OK),,San Diego Chargers,3,1,61,,,,,,
mcfadpau01,K,,5.916666667,163,Cleveland OH    ,Euclid (OH),,Philadelphia Eagles,12,1,312,,,,,,
mclauste01,K,,6,167,Tucson AZ    ,Sahuaro (AZ),,St. Louis Rams,3,1,82,,,,,,
McMaBr01,K,,6.25,201,Philadelphia PA    ,North Penn (PA),,  ,,0,,,,,,,
MedlJu20,K,,6,201,Fremont CA    ,Mission San Jose (CA),,Kansas City Chiefs,5,1,160,4.89,,,,,
MehlTa99,K,,5.833333333,185,Aberdeen SD    ,Central (SD),,New Orleans Saints,6,1,178,4.92,13,,,,
MichMi21,P;K,,5.833333333,177,Ventura CA    ,Buena (CA),,Miami Dolphins,5,1,113,,,,,,
MikeNi20,K;OT,,5.666666667,186,Bologna Italy    ,Passaic (NJ),,Atlanta Falcons,10,1,248,,,,,,
MikeSt20,K,,6,180,Budapest Hungary    ,International School (Italy),,San Francisco 49ers,3,1,72,,,,,,
milledan01,K,,5.833333333,172,West Palm Beach FL  ,Clewiston (FL),,Washington Redskins,11,1,281,,,,,,
moselmar01,K,,5.916666667,202,Laneville TX    ,Livingston (TX),,Philadelphia Eagles,14,1,346,,,,,,
MurpNi20,P;K,,5.916666667,188,St. Louis MO   ,Desert Mountain (AZ),,  ,,0,,4.74,,,,,
murraedd01,K,,5.833333333,177,Halifax Canada    ,Spectrum (Canada),,Detroit Lions,7,1,166,,,,,,
MurrPa01,K;P,,5.583333333,182,Mahwah NJ    ,Don Bosco Prep (NJ),,  ,,0,,,,,,,
MyerJa00,K,,5.833333333,190,Chula Vista CA   ,Mater Dei (CA),,  ,,0,,,,,,,
nednejoe01,K,,6.416666667,220,San Jose CA   ,Santa Teresa (CA),,  ,,0,,,,,,,
nelsochu01,K,,5.916666667,175,Seattle WA    ,Everett (WA),,Los Angeles Rams,4,1,87,,,,,,
nielshan01,K,,5.916666667,165,Vejle Denmark    ,Manistee (Denmark),,  ,,0,,,,,,,
nittmbjo01,K,,5.916666667,185,Lomma Sweden    ,Enterprise (AL),,  ,,0,,,,,,,
norwosco01,K,,6,207,Alexandria VA    ,Thomas Jefferson (VA),,  ,,0,,,,,,,
novaknic01,K,,6,200,Charlottesville VA    ,Albermarle (VA),,  ,,0,,5.1,,,,,
nugenmik01,K,,5.833333333,190,Centerville OH    ,Centerville (OH),,New York Jets,2,1,47,4.72,,,,,
OBriJi20,WR;K,,6,195,El Paso TX   ,Aiken (OH),,Baltimore Colts,3,1,70,,,,,,
odononei02,K,,6.5,208,Dublin Ireland    ,(Ireland),,Buffalo Bills,5,1,127,,,,,,
oglesced01,K,,5.916666667,175,Decatur GA    ,Southwest DeKalb (GA),,  ,,0,,,,,,,
ParkCo03,K,,6,190,Jupiter FL    ,Jupiter (FL),,  ,,0,,,,,,,
PattDi20,CB;S;K,,6,200,Miami FL    ,Maynard Evans (FL),,  ,,0,,,,,,,
pelfrdou01,K,,5.916666667,185,Fort Thomas KY   ,Scott (KY),,Cincinnati Bengals,8,1,202,,,,,,
petertod01,K,,5.916666667,180,Washington DC    ,Valwood (GA),,New York Giants,7,1,177,,,,,,
PettAa00,K,,6.083333333,180,Raceland KY    ,Raceland-Worthington (KY),,  ,,0,,4.94,,,,,
pochmowe01,K,,6,180,Renton WA    ,Mercer Island (WA),,New England Patriots,7,1,216,,,,,,
PoseDa20,K,,5.916666667,167,Painesville OH    ,St. Andrews (FL),,San Francisco 49ers,9,1,239,,,,,,
PottJo00,K,,6.166666667,209,Kalamazoo MI    ,Grand Haven (MI),,Buffalo Bills,7,1,251,,,,,,
PratMa20,K,,5.833333333,201,Mayfield Heights OH   ,Estero (FL),,  ,,0,,,,,,,
PrinAl20,K,,6,195,Los Taques Venezuela   ,(England),,Houston Oilers,10,1,246,,,,,,
prindmik01,K,,5.75,160,Grand Rapids MI   ,Grand Rapids Union (MI),,  ,,0,,,,,,,
rackenei01,K,,6.083333333,202,St. Louis MO   ,Aquinas-Mercy (MO),,Cincinnati Bengals,6,1,169,,,,,,
raguspat01,K,,5.666666667,180,Caracas Venezuela    ,East Rockaway (NY),,  ,,0,,,,,,,
raynedav01,K,,6.166666667,215,Rochester MI    ,Oxford (MI),,Indianapolis Colts,6,1,202,5,,,,,
reedxjef01,K,,5.916666667,225,Kansas City MO   ,East Mecklenburg (NC),,  ,,0,,,,,,,
reveifua01,K,,5.916666667,225,Bogota Colombia    ,Miami Sunset (FL),,Miami Dolphins,7,1,195,,,,,,
ricarben01,K,,5.833333333,175,Asuncion Paraguay    ,Costa Mesa (CA),,  ,,0,,,,,,,
richewad01,K,,6.25,205,Lafayette LA    ,Carencro (LA),,  ,,0,,,,,,,
RichKy20,P;K,,6.166666667,210,Farmington MO    ,Farmington (MO),,  ,,0,,,,,,,
robinrex01,K,,5.916666667,205,Marietta GA    ,Marietta (GA),,Cincinnati Bengals,6,1,146,,,,,,
RodeMi20,K,,6.083333333,218,Olomouc Czech Republic   ,Olomouc (Czech Republic),,  ,,0,,,,,,,
RosaAl00,K,,6.25,221,Chico CA    ,Orland (FL),,  ,,0,,,,,,,
RoseNi00,K,,6.166666667,200,Oahu HI    ,Highland Park (TX),,  ,,0,,,,,,,
rovetjoh01,K,,6,180,Fort Lauderdale FL   ,Spring (TX),,  ,,0,,,,,,,
ruzekrog01,K,,6.083333333,195,San Francisco CA   ,El Camino (CA),,  ,,0,,,,,,,
SantCa01,K,,5.666666667,160,Sao Paulo Brazil   ,St. Joseph's Academy (FL),,  ,,0,,4.76,,,,,
schlotod01,K,,5.833333333,165,Bradford PA    ,Orchard Park (NY),,  ,,0,,,,,,,
SchmRi00,K,,6.25,200,Virginia Beach VA   ,Salem (VA),,  ,,0,,,,,,,
schuberi01,K,,5.666666667,185,Abington PA    ,Lakeland Regional (NJ),,  ,,0,,,,,,,
scobejos01,K,,6.083333333,200,Longview TX    ,Longview (TX),,Jacksonville Jaguars,5,1,137,4.87,,,,,
sedertim01,K,,5.75,180,Ashland OH    ,Lucas (OH),,  ,,0,,,,,,,
septiraf01,K,,5.833333333,176,Mexico City Mexico   ,Colegia Vista Hermosa (Mexico),,New Orleans Saints,10,1,258,,,,,,
ShlaBo20,K,,6,175,Chicago IL    ,Maine South (IL),,  ,,0,,,,,,,
SilvDo20,K,,6.333333333,220,Perkasie PA    ,Pennridge (PA),,  ,,0,,,,,,,
sissosco01,K,,6,197,Marietta GA    ,Marietta (GA),,New England Patriots,5,1,113,,,,,,
smithjoh01,K;OT,,6,186,Leafield England    ,Burford School (England),,  ,,0,,,,,,,
SmitHu21,P;K,,6.166666667,209,Sherman TX    ,Sherman (TX),,Indianapolis Colts,7,1,210,,,,,,
SpitJa20,OG;K;C,,6.25,298,Boardman OH    ,Wolfson (FL) The Bolles School (FL),,Green Bay Packers,3,1,75,5.4,25,102,4.55,7.82,28.5
staurjas01,K,,5.75,167,Tulsa OK    ,Bishop Kelley (OK),,  ,,0,,,,,,,
steinfre01,K;OT,,5.916666667,180,Wetter Germany    ,Brighton (MA),,Oakland Raiders,5,1,146,,,,,,
StitCl00,K,,6.083333333,200,Reno NV    ,McQueen (NV),,  ,,0,,,,,,,
stovemat01,K;P,,5.916666667,180,Dallas TX    ,Lake Highlands (TX),,New York Giants,12,1,329,,,,,,
stoyapet01,K,,5.916666667,187,Dearborn MI    ,Crestwood (MI),,Miami Dolphins,8,1,203,,,,,,
SturCa00,K,,5.75,192,St. Augustine FL   ,St. Augustine (FL),,Miami Dolphins,5,1,166,4.77,,,,,
SuccRy44,K,,6.166666667,218,Hickory NC    ,Hickory (NC),,Kansas City Chiefs,7,1,256,,,,,,
suishsha01,K,,6,199,Wallaceburg Canada    ,Wallaceburg Secondary School (Canada),,  ,,0,,,,,,,
sunteian01,K,,6.083333333,215,Dundee Scotland    ,Burlington Central Secondary School (Canada),,  ,,0,,,,,,,
SwaiBr00,WR;K,,6.083333333,200,Asheville NC    ,Carlsbad (CA),,Green Bay Packers,7,1,217,,,,,,
SzarRi20,K,,5.916666667,205,Rzeszow Poland    ,St. Francis Prep (NY),,  ,,0,,,,,,,
SzymMa00,K,,6.083333333,196,     ,,,  ,,0,,,,,,,
TarlJi20,K,,6,221,Akron OH    ,Bishop Kenny (FL),,  ,,0,,,,,,,
TaveGi00,K,,5.833333333,180,Milan Italy    ,Campolindo (CA),,  ,,0,,,,,,,
taylojay01,K,,6.083333333,191,Hershey PA    ,Hershey High School (PA),,  ,,0,,,,,,,
thomabob01,K,,5.833333333,178,Rochester NY    ,McQuaid (NY),,Los Angeles Rams,15,1,388,,,,,,
tiffivan01,K,,5.75,155,Tupelo MS    ,Red Bay (AL),,  ,,0,,,,,,,
toibibre01,K,,6,205,Columbia SC    ,Monacan (VA),,  ,,0,,,,,,,
treaddav01,K,,6.083333333,180,Columbia SC    ,The Bolles School (FL),,  ,,0,,,,,,,
troutdav01,K,,5.5,165,Mount Pleasant PA   ,Southmoreland (PA),,  ,,0,,,,,,,
TuckJu00,K,,6.083333333,183,Houston TX    ,Westlake (TX),,  ,,0,,,,,,,
tuthijam01,K,,6.166666667,250,Upland CA    ,Upland (CA),,  ,,0,,,,,,,
tyneslaw01,K,,6.083333333,194,Greenock Scotland    ,Milton (FL),,  ,,0,,,,,,,
vandemik01,K,,6.416666667,211,Oakville Canada    ,White Oaks Secondary School (Canada),,  ,,0,,,,,,,
vinatada01,K,,6,212,Yankton SD    ,Rapid City Central (SD),,  ,,0,,,,,,,
VinyKe20,K,,5.833333333,190,Amarillo TX    ,Amarillo (TX),,Green Bay Packers,6,1,142,,,,,,
vitiesan01,K,,6.166666667,197,Broccastella Italy    ,East Meadow (NY),,Cincinnati Bengals,10,1,252,,,,,,
vonscuwe01,K,,6,190,Berlin Germany    ,Eastern Hills (TX),,Miami Dolphins,7,1,189,,,,,,
WalkMi21,K,,6,190,Lancaster England    ,(England),,  ,,0,,,,,,,
WalsBl00,K,,5.75,186,Boca Raton FL   ,Cardinal Gibbons (FL),,Minnesota Vikings,6,1,175,4.96,,,,,
warnkdav01,K,,5.916666667,185,Denver CO    ,Windsor (CO),,  ,,0,,,,,,,
WatsAl20,K,,5.75,162,Blockwood Wales    ,Blockwood (Wales),,  ,,0,,,,,,,
WeatSt20,P;K,,6.166666667,210,Crown Point IN   ,Terre Haute (IN),,  ,,0,,4.82,,,,,
WebsTi20,K,,6,195,Henryetta OK    ,Grove (OK),,  ,,0,,,,,,,
WelkWe00,WR;K,,5.75,185,Oklahoma City OK   ,Heritage Hall (OK),,  ,,0,,,,,,,
werscray01,K,,5.916666667,213,Mondsee Austria    ,Earl Warren (CA),,  ,,0,,,,,,,
WhitJe20,K;P,,5.833333333,170,Bronxville NY    ,Bronxville (NY),,  ,,0,,,,,,,
WileMa01,P;K,,6.166666667,225,San Diego CA   ,Francis Parker (CA),,  ,,0,,,,,,,
wilkijef01,K,,6.166666667,205,Youngstown OH    ,Fitch (OH),,  ,,0,,,,,,,
williken01,K,,5.916666667,190,Owensboro KY    ,Owensboro (KY),,  ,,0,,,,,,,
woodxmik01,K;P,,5.916666667,199,Kirkwood MO    ,Kirkwood (MO),,Minnesota Vikings,8,1,204,,,,,,
zendelui01,K,,5.75,175,Mexico City Mexico   ,Don Antonio Lugo (CA),,  ,,0,,,,,,,
zendemax01,K,,5.916666667,184,Curimeo Mexico    ,Don Antonio Lugo (CA),,Dallas Cowboys,4,1,100,,,,,,
zendeton01,K,,5.666666667,165,Curimeo Mexico    ,Don Antonio Lugo (CA),,Washington Redskins,1,1,27,,,,,,
ZendJo20,K,,5.916666667,176,Curimeo Mexico    ,Don Antonio Lugo (CA),,  ,,0,,,,,,,
ZuerGr00,K,,6,191,Lincoln NE    ,Lincoln Pius X (NE),,St. Louis Rams,6,1,171,,,,,,
